"Category","File","Bytes","Modified"
"00_main_pipeline","ato_class_globall_v2.py","16057","2026-05-16 14:03:48"
"00_main_pipeline","ato_generated_results_energy.py","6696","2026-05-07 12:39:02"
"00_main_pipeline","build_class_lookup_tables.py","5168","2026-01-30 15:37:13"
"00_main_pipeline","data_process.py","12858","2026-01-06 14:31:24"
"00_main_pipeline","schedule_to_timetable.py","3825","2026-05-07 20:38:23"
"00_main_pipeline","simulate_ATO_v8.py","44400","2026-05-07 11:47:40"
"00_main_pipeline","train_ATO_v8.py","19631","2026-04-27 13:09:07"
"00_main_pipeline","validate_opt_schedule.py","20326","2026-01-29 16:02:14"
"01_data_processing","add_class.py","2382","2026-04-13 13:38:24"
"01_data_processing","conbine.py","3072","2026-04-14 15:01:14"
"01_data_processing","conbine_ato.py","3084","2026-04-21 14:34:25"
"01_data_processing","get_load.py","10356","2026-03-24 14:21:00"
"01_data_processing","process_line5.py","3997","2025-12-08 15:57:43"
"01_data_processing","process_target_v2.py","27929","2026-05-19 11:52:24"
"01_data_processing","segment_chooose.py","4990","2026-04-13 13:38:25"
"01_data_processing","segment_class.py","4607","2026-04-13 11:38:05"
"01_data_processing","step_1.py","2658","2026-05-06 13:30:21"
"01_data_processing","step2.py","3304","2026-04-21 14:35:07"
"02_ato_template_generation","simulate_ato_run.py","5074","2026-01-27 14:24:24"
"02_ato_template_generation","simulate_ATO_v6.py","39871","2026-04-29 11:03:47"
"02_ato_template_generation","simulate_ATO_v7.py","40401","2026-04-22 15:39:30"
"02_ato_template_generation","simulate_ATO_v9.py","23026","2026-05-11 21:06:20"
"02_ato_template_generation","simulate_ato_with_comparison.py","10096","2026-01-12 15:02:35"
"02_ato_template_generation","train_ato_policy.py","6450","2026-01-30 17:04:29"
"02_ato_template_generation","train_ato_policy_v2.py","6197","2026-02-02 16:48:33"
"02_ato_template_generation","train_ATO_v5.py","20239","2026-04-21 19:28:30"
"02_ato_template_generation","train_ATO_v6.py","21024","2026-04-21 19:21:05"
"02_ato_template_generation","train_ATO_v7.py","21316","2026-04-22 15:33:16"
"02_ato_template_generation","train_ATO_v9.py","14950","2026-05-08 14:04:11"
"03_model_training","train_mlp_8to5.py","10159","2025-12-30 15:30:33"
"03_model_training","train_mlp_legacy.py","30000","2026-04-08 14:16:59"
"03_model_training","train_residual.py","14363","2026-04-07 19:31:46"
"03_model_training","train_residual_new.py","14170","2026-04-09 10:19:45"
"03_model_training","train_transformer.py","16613","2025-12-18 17:07:38"
"04_energy_calculation","calculate_e copy.py","9423","2026-04-14 14:56:52"
"04_energy_calculation","calculate_e.py","11022","2026-04-13 14:31:29"
"04_energy_calculation","calculate_e_new.py","3272","2026-04-14 14:56:03"
"04_energy_calculation","energy.py","4580","2026-01-27 19:22:18"
"04_energy_calculation","energy_all_line.py","7806","2026-01-28 11:18:27"
"04_energy_calculation","et_vt_04_06.py","5684","2026-01-28 11:53:31"
"05_optimization_scheduling","ato_class_globall.py","11454","2026-05-11 20:25:35"
"05_optimization_scheduling","optim.py","7409","2026-04-02 13:32:33"
"05_optimization_scheduling","optimize_line5.py","13051","2026-04-08 19:45:13"
"05_optimization_scheduling","optimize_meiyan_yongmaolu.py","38038","2026-04-08 20:04:15"
"05_optimization_scheduling","optimize_sixiang_caoyi.py","15875","2026-04-08 20:05:08"
"05_optimization_scheduling","run _optimize_special_mlp1.py","13117","2026-04-08 19:51:19"
"05_optimization_scheduling","run_global_class_schedual_v2.py","7072","2026-04-20 12:30:56"
"05_optimization_scheduling","run_global_class_schedule.py","13264","2026-04-20 19:16:35"
"05_optimization_scheduling","run_global_final.py","6890","2026-04-15 15:48:57"
"05_optimization_scheduling","run_global_schedule_mlp.py","53025","2026-01-16 15:38:41"
"05_optimization_scheduling","run_global_schedule_residual.py","53268","2026-05-07 20:30:02"
"05_optimization_scheduling","run_optimize_mlp.py","13000","2026-04-08 13:59:55"
"05_optimization_scheduling","run_optimize_residual.py","11678","2026-04-07 19:31:41"
"05_optimization_scheduling","run_optimize_residual_new.py","14875","2026-04-22 12:25:17"
"05_optimization_scheduling","run_optimize_special_residual.py","13117","2026-04-07 09:40:44"
"05_optimization_scheduling","run_optimize_special_residual_new.py","13163","2026-04-10 12:57:57"
"05_optimization_scheduling","run_optimize_transformer.py","11731","2025-12-19 16:29:19"
"05_optimization_scheduling","runall.bat","2266","2026-04-07 19:42:36"
"06_validation_reports","compera.py","8479","2026-01-28 14:12:40"
"06_validation_reports","full_line_validation_results.py","6904","2026-05-06 13:42:22"
"06_validation_reports","his6_compareSchedule.py","7797","2026-04-01 20:21:25"
"06_validation_reports","trip1_final_report.py","4577","2026-05-07 10:52:17"
"06_validation_reports","trip5_final_report.py","4583","2026-04-22 12:47:43"
"06_validation_reports","trip6_final_report.py","4577","2026-04-14 10:42:05"
"06_validation_reports","validate_v2_with_dp_schedule.py","5355","2026-02-02 16:48:31"
"07_visualization","make_big_picture","2948","2026-04-02 15:47:47"
"07_visualization","plot_3d_track.py","6270","2026-05-13 15:06:12"
"07_visualization","plot_3d_track_interactive.py","4127","2026-05-13 15:16:58"
"07_visualization","plot_3d_track_simple.py","3386","2026-05-13 15:13:20"
"07_visualization","plot_comparison.py","5502","2026-01-27 15:04:07"
"07_visualization","plot_dp_core.py","8785","2026-05-15 20:32:44"
"07_visualization","plot_dp_logic.py","9467","2026-05-15 19:58:28"
"07_visualization","plot_energy_es_curves.py","3551","2026-05-12 12:08:04"
"07_visualization","plot_energy_validation_final.py","7527","2026-04-22 12:00:25"
"07_visualization","plot_five_class_et_map.py","6606","2026-01-30 16:13:56"
"07_visualization","plot_load_distribution.py","7219","2026-01-21 16:57:55"
"07_visualization","plot_mass_energy_per_class_v1.py","7673","2026-02-05 14:38:15"
"07_visualization","plot_mass_energy_per_class_v2.py","8189","2026-02-05 12:13:31"
"07_visualization","plot_track_static.py","8337","2026-01-22 13:55:03"
"07_visualization","plot_v_t_s.py","53065","2026-03-24 09:12:13"
"07_visualization","plot3zongzhou.py","11827","2026-04-02 16:22:18"
"08_analysis","analyze_factors.py","6958","2026-01-28 14:51:43"
"08_analysis","analyze_historical_weights.py","3825","2026-02-05 14:28:49"
"09_exports_opentrack","make_timetable.py","6184","2026-03-17 16:50:56"
"09_exports_opentrack","onvert_to_opentrack_format.py","3386","2026-04-11 18:13:43"
"09_exports_opentrack","output_excle.py","6609","2026-04-02 15:03:08"
"99_misc_legacy","11.py","6696","2026-04-08 20:25:48"
"99_misc_legacy","test.py","386","2026-04-24 14:09:52"
"99_misc_legacy","代码逻辑","396","2025-12-30 14:38:27"
"99_misc_legacy","代码说明.txt","8047","2026-05-12 12:30:45"
