区间,历史最小重量(t),历史最大重量(t),重量跨度(t),所有记录过的重量值,记录样本数
布政-张家潭,215.24,215.34,0.1,"215.24, 215.34",2
张家潭-同德路,215.24,215.94,0.7,"215.24, 215.34, 215.44, 215.74, 215.82, 215.94",6
同德路-石碶,215.24,216.72,1.48,"215.24, 215.34, 215.44, 215.74, 216.42, 216.62, 216.72",7
石碶-雅渡,215.24,223.1,7.86,"215.24, 215.34, 215.44, 215.54, 215.64, 215.74, 215.84, 215.94, 216.04, 216.14, 216.24, 216.34, 216.54, 216.64, 216.94, 217.04, 220.6, 222.3, 223.1",19
雅渡-庙堰,215.24,225.7,10.46,"215.24, 215.34, 215.44, 215.54, 215.64, 215.74, 215.84, 215.94, 216.04, 216.34, 216.44, 216.74, 216.84, 216.94, 217.24, 217.34, 222.3, 224.3, 225.7",19
庙堰-钟公庙,215.24,227.8,12.56,"215.24, 215.34, 215.44, 215.54, 215.64, 215.74, 215.84, 215.94, 216.14, 216.34, 216.84, 217.24, 217.42, 217.54, 217.72, 225.9, 226.0, 227.8",18
钟公庙-鄞州区政府,215.24,229.9,14.66,"215.24, 215.34, 215.44, 215.54, 215.64, 215.74, 215.84, 215.94, 216.24, 216.32, 216.44, 217.22, 218.12, 219.4, 219.62, 228.1, 228.2, 229.9",18
鄞州区政府-钱湖南路,215.44,231.4,15.96,"215.44, 215.54, 215.64, 215.74, 215.94, 216.04, 216.14, 216.24, 216.62, 217.22, 218.02, 218.42, 219.82, 221.42, 221.8, 222.1, 225.1, 228.0, 231.4",19
钱湖南路-南高教园区,215.54,233.6,18.06,"215.54, 215.64, 215.74, 215.84, 215.94, 216.04, 216.14, 216.24, 216.34, 216.42, 216.44, 216.54, 216.82, 217.52, 217.92, 218.52, 220.02, 220.8, 221.92, 222.5, 226.4, 227.8, 233.6",23
南高教园区-下应路,215.44,236.7,21.26,"215.44, 215.54, 215.64, 215.84, 215.94, 216.04, 216.14, 216.24, 216.34, 216.44, 216.64, 216.72, 216.82, 218.22, 219.02, 220.82, 221.5, 222.9, 224.8, 230.7, 236.7",21
下应路-大洋江,215.54,238.6,23.06,"215.54, 215.64, 215.74, 215.84, 215.94, 216.04, 216.14, 216.24, 216.34, 216.44, 216.52, 216.64, 216.74, 216.82, 218.22, 218.82, 219.52, 220.32, 222.1, 223.5, 224.3, 232.0, 238.6",23
大洋江-泗港,215.44,238.5,23.06,"215.44, 215.54, 215.64, 215.74, 215.84, 216.04, 216.14, 216.24, 216.42, 216.44, 216.64, 216.74, 216.94, 217.12, 217.72, 219.2, 219.92, 220.32, 221.3, 223.2, 224.5, 231.2, 238.5",23
泗港-曹隘,215.24,238.9,23.66,"215.24, 215.44, 215.54, 215.64, 215.74, 215.84, 215.94, 216.04, 216.14, 216.24, 216.32, 216.34, 216.44, 216.84, 216.94, 217.02, 217.04, 217.72, 220.1, 220.22, 220.3, 220.82, 222.9, 225.2, 231.0, 238.9",26
曹隘-柳隘,215.24,243.1,27.86,"215.24, 215.44, 215.54, 215.64, 215.72, 215.74, 215.84, 215.92, 216.04, 216.14, 216.24, 216.44, 216.64, 216.74, 216.82, 216.94, 218.1, 219.9, 220.1, 220.42, 220.7, 224.6, 224.8, 234.8, 243.1",25
柳隘-海晏北路,215.24,244.9,29.66,"215.24, 215.44, 215.54, 215.64, 215.74, 215.84, 216.04, 216.14, 216.22, 216.24, 216.44, 216.64, 216.82, 217.02, 217.04, 217.12, 218.5, 220.1, 220.3, 220.7, 221.5, 225.1, 225.5, 235.7, 244.9",25
海晏北路-民安东路,215.24,247.7,32.46,"215.24, 215.64, 215.74, 215.92, 215.94, 216.22, 216.24, 216.34, 216.54, 216.64, 216.82, 217.04, 217.22, 217.44, 217.62, 217.74, 217.82, 218.04, 218.32, 218.62, 219.32, 219.72, 221.2, 221.8, 223.5, 224.1, 224.2, 225.9, 228.5, 234.8, 247.7",31
民安东路-会展中心,215.24,240.1,24.86,"215.24, 215.64, 215.74, 215.84, 216.12, 216.14, 216.34, 216.44, 216.54, 216.64, 216.94, 217.02, 217.24, 217.62, 217.74, 217.82, 217.84, 218.12, 218.42, 218.82, 219.22, 219.32, 220.12, 221.5, 222.6, 223.6, 225.2, 228.0, 229.0, 230.1, 240.1",31
会展中心-院士路,215.24,232.2,16.96,"215.24, 215.64, 215.74, 215.84, 215.92, 215.94, 216.14, 216.22, 216.24, 216.44, 216.74, 216.82, 217.02, 217.14, 217.42, 217.44, 217.64, 217.72, 217.94, 218.02, 219.02, 220.0, 220.12, 220.72, 220.8, 228.4, 229.2, 230.1, 232.2",29
院士路-盎孟港,215.24,228.0,12.76,"215.24, 215.34, 215.44, 215.54, 215.64, 215.74, 215.84, 215.94, 216.04, 216.14, 216.32, 216.34, 216.54, 216.74, 216.82, 216.94, 217.32, 217.54, 217.64, 217.92, 218.02, 219.22, 219.4, 225.2, 227.0, 227.2, 228.0",27
盎孟港-三官堂,215.24,228.7,13.46,"215.24, 215.34, 215.44, 215.54, 215.64, 215.74, 215.94, 216.04, 216.14, 216.24, 216.32, 216.42, 216.44, 216.52, 216.54, 216.64, 216.74, 216.82, 216.94, 217.04, 218.4, 218.84, 219.02, 225.8, 228.2, 228.7",26
三官堂-兴庄路,215.24,224.3,9.06,"215.24, 215.34, 215.44, 215.54, 215.64, 215.74, 215.84, 215.94, 216.04, 216.24, 216.34, 216.52, 216.54, 216.84, 216.94, 217.12, 217.44, 218.42, 218.52, 222.6, 222.8, 224.3",22
兴庄路-兴海南路,215.24,218.92,3.68,"215.24, 215.34, 215.44, 215.54, 215.64, 215.74, 215.84, 216.04, 216.22, 216.24, 216.54, 216.72, 217.72, 217.82, 218.04, 218.72, 218.92",17
兴海南路-梅堰,215.24,217.82,2.58,"215.24, 215.34, 215.44, 215.54, 215.64, 215.74, 216.04, 216.22, 216.34, 217.04, 217.22, 217.42, 217.82",13
梅堰-永茂路,215.24,217.92,2.68,"215.24, 215.34, 215.44, 215.54, 215.64, 215.74, 215.84, 216.14, 216.32, 216.82, 216.84, 217.12, 217.42, 217.92",14
永茂路-镇海大道,215.24,217.12,1.88,"215.24, 215.34, 215.44, 215.54, 215.64, 215.74, 216.04, 216.12, 216.42, 216.54, 216.92, 217.02, 217.12",13
镇海大道-骆驼桥,215.24,216.74,1.5,"215.24, 215.34, 215.44, 215.54, 215.64, 215.74, 215.84, 216.04, 216.32, 216.74",10
