segment,区段,列车运行方向,运行等级,曲线质量标签,是否是晚上八点以后的趟次,起始时刻s,结束时刻s,来源文件,运行时长s
0,同德路-张家潭,DOWN,class4,0,0,0.0,157.55,results_同德路-张家潭.xlsx,157.55
1,同德路-张家潭,DOWN,class4,0,0,0.0,155.95,results_同德路-张家潭.xlsx,155.95
2,同德路-张家潭,DOWN,class5,0,0,0.0,163.45,results_同德路-张家潭.xlsx,163.45
3,同德路-张家潭,DOWN,class5,0,0,0.0,164.4,results_同德路-张家潭.xlsx,164.4
4,同德路-张家潭,DOWN,class5,0,0,0.0,163.8,results_同德路-张家潭.xlsx,163.8
5,同德路-张家潭,DOWN,class4,0,0,0.0,155.35,results_同德路-张家潭.xlsx,155.35
6,同德路-张家潭,DOWN,class5,1,1,0.0,163.95,results_同德路-张家潭.xlsx,163.95
7,同德路-张家潭,DOWN,class4,0,0,0.0,157.1,results_同德路-张家潭.xlsx,157.1
8,同德路-张家潭,DOWN,class5,0,0,0.0,164.2,results_同德路-张家潭.xlsx,164.2
9,同德路-张家潭,DOWN,class5,0,0,0.0,165.2,results_同德路-张家潭.xlsx,165.2
10,同德路-张家潭,DOWN,class5,0,0,0.0,165.35,results_同德路-张家潭.xlsx,165.35
11,同德路-张家潭,DOWN,class5,0,0,0.0,163.3,results_同德路-张家潭.xlsx,163.3
12,同德路-张家潭,DOWN,class4,0,0,0.0,155.35,results_同德路-张家潭.xlsx,155.35
13,同德路-张家潭,DOWN,class5,1,1,0.0,164.0,results_同德路-张家潭.xlsx,164.0
14,同德路-张家潭,DOWN,class4,0,0,0.0,155.9,results_同德路-张家潭.xlsx,155.9
15,同德路-张家潭,DOWN,class4,0,0,0.0,156.35,results_同德路-张家潭.xlsx,156.35
16,同德路-张家潭,DOWN,class4,0,0,0.0,155.75,results_同德路-张家潭.xlsx,155.75
17,同德路-张家潭,DOWN,class5,1,1,0.0,164.75,results_同德路-张家潭.xlsx,164.75
18,同德路-张家潭,DOWN,class3,0,0,0.0,154.95,results_同德路-张家潭.xlsx,154.95
19,同德路-张家潭,DOWN,class4,0,0,0.0,155.55,results_同德路-张家潭.xlsx,155.55
20,同德路-张家潭,DOWN,class4,0,0,0.0,155.4,results_同德路-张家潭.xlsx,155.4
21,同德路-张家潭,DOWN,class5,0,0,0.0,164.85,results_同德路-张家潭.xlsx,164.85
22,同德路-张家潭,DOWN,class5,0,0,0.0,164.05,results_同德路-张家潭.xlsx,164.05
23,同德路-张家潭,DOWN,class5,0,0,0.0,164.1,results_同德路-张家潭.xlsx,164.1
24,同德路-张家潭,DOWN,class4,0,0,0.0,157.5,results_同德路-张家潭.xlsx,157.5
25,同德路-张家潭,DOWN,class5,1,1,0.0,164.5,results_同德路-张家潭.xlsx,164.5
26,同德路-张家潭,DOWN,class4,0,0,0.0,162.25,results_同德路-张家潭.xlsx,162.25
27,同德路-张家潭,DOWN,class5,0,0,0.0,163.05,results_同德路-张家潭.xlsx,163.05
28,同德路-张家潭,DOWN,class5,0,0,0.0,163.8,results_同德路-张家潭.xlsx,163.8
29,同德路-张家潭,DOWN,class5,0,0,0.0,164.8,results_同德路-张家潭.xlsx,164.8
30,同德路-张家潭,DOWN,class5,0,0,0.0,163.7,results_同德路-张家潭.xlsx,163.7
31,同德路-张家潭,DOWN,class5,0,0,0.0,164.5,results_同德路-张家潭.xlsx,164.5
32,同德路-张家潭,DOWN,class5,1,1,0.0,163.95,results_同德路-张家潭.xlsx,163.95
0,同德路-石碶,UP,class2,0,0,0.0,106.15,results_同德路-石碶.xlsx,106.15
1,同德路-石碶,UP,class4,0,0,0.0,111.6,results_同德路-石碶.xlsx,111.6
2,同德路-石碶,UP,class3,0,0,0.0,110.4,results_同德路-石碶.xlsx,110.4
3,同德路-石碶,UP,class3,0,0,0.0,109.1,results_同德路-石碶.xlsx,109.1
4,同德路-石碶,UP,class2,0,0,0.0,105.35,results_同德路-石碶.xlsx,105.35
5,同德路-石碶,UP,class2,0,0,0.0,105.25,results_同德路-石碶.xlsx,105.25
6,同德路-石碶,UP,class3,1,1,0.0,110.15,results_同德路-石碶.xlsx,110.15
7,同德路-石碶,UP,class3,0,0,0.0,106.95,results_同德路-石碶.xlsx,106.95
8,同德路-石碶,UP,class2,0,0,0.0,105.5,results_同德路-石碶.xlsx,105.5
9,同德路-石碶,UP,class4,0,0,0.0,111.7,results_同德路-石碶.xlsx,111.7
10,同德路-石碶,UP,class3,0,0,0.0,111.3,results_同德路-石碶.xlsx,111.3
11,同德路-石碶,UP,class3,0,0,0.0,109.95,results_同德路-石碶.xlsx,109.95
12,同德路-石碶,UP,class3,0,0,0.0,107.25,results_同德路-石碶.xlsx,107.25
13,同德路-石碶,UP,class3,0,0,0.0,110.1,results_同德路-石碶.xlsx,110.1
14,同德路-石碶,UP,class2,1,1,0.0,103.4,results_同德路-石碶.xlsx,103.4
15,同德路-石碶,UP,class2,0,0,0.0,105.6,results_同德路-石碶.xlsx,105.6
16,同德路-石碶,UP,class3,7,0,0.0,106.55,results_同德路-石碶.xlsx,106.55
17,同德路-石碶,UP,class4,0,0,0.0,112.15,results_同德路-石碶.xlsx,112.15
18,同德路-石碶,UP,class3,1,1,0.0,108.65,results_同德路-石碶.xlsx,108.65
19,同德路-石碶,UP,class3,0,0,0.0,111.4,results_同德路-石碶.xlsx,111.4
20,同德路-石碶,UP,class2,0,0,0.0,105.45,results_同德路-石碶.xlsx,105.45
21,同德路-石碶,UP,class3,0,0,0.0,109.9,results_同德路-石碶.xlsx,109.9
22,同德路-石碶,UP,class3,0,0,0.0,110.6,results_同德路-石碶.xlsx,110.6
23,同德路-石碶,UP,class3,0,0,0.0,109.15,results_同德路-石碶.xlsx,109.15
24,同德路-石碶,UP,class2,0,0,0.0,106.2,results_同德路-石碶.xlsx,106.2
25,同德路-石碶,UP,class3,0,0,0.0,110.3,results_同德路-石碶.xlsx,110.3
26,同德路-石碶,UP,class2,1,1,0.0,105.9,results_同德路-石碶.xlsx,105.9
27,同德路-石碶,UP,class3,0,0,0.0,110.85,results_同德路-石碶.xlsx,110.85
28,同德路-石碶,UP,class3,0,0,0.0,110.7,results_同德路-石碶.xlsx,110.7
29,同德路-石碶,UP,class3,0,0,0.0,111.35,results_同德路-石碶.xlsx,111.35
30,同德路-石碶,UP,class3,0,0,0.0,110.05,results_同德路-石碶.xlsx,110.05
31,同德路-石碶,UP,class3,0,0,0.0,110.85,results_同德路-石碶.xlsx,110.85
32,同德路-石碶,UP,class4,0,0,0.0,112.05,results_同德路-石碶.xlsx,112.05
33,同德路-石碶,UP,class2,1,1,0.0,103.5,results_同德路-石碶.xlsx,103.5
0,布政-张家潭,UP,class3,0,0,0.0,116.8,results_布政-张家潭.xlsx,116.8
1,布政-张家潭,UP,class4,0,0,0.0,118.2,results_布政-张家潭.xlsx,118.2
2,布政-张家潭,UP,class4,0,0,0.0,118.85,results_布政-张家潭.xlsx,118.85
3,布政-张家潭,UP,class4,0,0,0.0,118.4,results_布政-张家潭.xlsx,118.4
4,布政-张家潭,UP,class3,0,0,0.0,117.55,results_布政-张家潭.xlsx,117.55
5,布政-张家潭,UP,class3,0,0,0.0,114.7,results_布政-张家潭.xlsx,114.7
6,布政-张家潭,UP,class3,1,1,0.0,117.6,results_布政-张家潭.xlsx,117.6
7,布政-张家潭,UP,class3,0,0,0.0,116.9,results_布政-张家潭.xlsx,116.9
8,布政-张家潭,UP,class3,0,0,0.0,115.8,results_布政-张家潭.xlsx,115.8
9,布政-张家潭,UP,class3,0,0,0.0,116.3,results_布政-张家潭.xlsx,116.3
10,布政-张家潭,UP,class3,0,0,0.0,114.4,results_布政-张家潭.xlsx,114.4
11,布政-张家潭,UP,class3,0,0,0.0,117.3,results_布政-张家潭.xlsx,117.3
12,布政-张家潭,UP,class3,0,0,0.0,115.95,results_布政-张家潭.xlsx,115.95
13,布政-张家潭,UP,class3,0,0,0.0,116.2,results_布政-张家潭.xlsx,116.2
14,布政-张家潭,UP,class3,1,1,0.0,114.2,results_布政-张家潭.xlsx,114.2
15,布政-张家潭,UP,class3,0,0,0.0,117.8,results_布政-张家潭.xlsx,117.8
16,布政-张家潭,UP,class3,0,0,0.0,116.55,results_布政-张家潭.xlsx,116.55
17,布政-张家潭,UP,class3,0,0,0.0,116.65,results_布政-张家潭.xlsx,116.65
18,布政-张家潭,UP,class4,1,1,0.0,119.45,results_布政-张家潭.xlsx,119.45
19,布政-张家潭,UP,class4,0,0,0.0,119.5,results_布政-张家潭.xlsx,119.5
20,布政-张家潭,UP,class3,6,0,0.0,113.75,results_布政-张家潭.xlsx,113.75
21,布政-张家潭,UP,class3,0,0,0.0,116.25,results_布政-张家潭.xlsx,116.25
22,布政-张家潭,UP,class3,0,0,0.0,117.05,results_布政-张家潭.xlsx,117.05
23,布政-张家潭,UP,class4,0,0,0.0,118.7,results_布政-张家潭.xlsx,118.7
24,布政-张家潭,UP,class3,0,0,0.0,116.6,results_布政-张家潭.xlsx,116.6
25,布政-张家潭,UP,class3,0,0,0.0,116.6,results_布政-张家潭.xlsx,116.6
26,布政-张家潭,UP,class3,1,1,0.0,115.65,results_布政-张家潭.xlsx,115.65
27,布政-张家潭,UP,class3,0,0,0.0,117.05,results_布政-张家潭.xlsx,117.05
28,布政-张家潭,UP,class4,0,0,0.0,118.15,results_布政-张家潭.xlsx,118.15
29,布政-张家潭,UP,class4,0,0,0.0,118.3,results_布政-张家潭.xlsx,118.3
30,布政-张家潭,UP,class3,0,0,0.0,116.9,results_布政-张家潭.xlsx,116.9
31,布政-张家潭,UP,class3,0,0,0.0,117.25,results_布政-张家潭.xlsx,117.25
32,布政-张家潭,UP,class4,0,0,0.0,119.0,results_布政-张家潭.xlsx,119.0
33,布政-张家潭,UP,class3,1,1,0.0,113.8,results_布政-张家潭.xlsx,113.8
0,庙堰-雅渡,DOWN,class4,0,0,0.0,138.45,results_庙堰-雅渡.xlsx,138.45
1,庙堰-雅渡,DOWN,class4,0,0,0.0,137.25,results_庙堰-雅渡.xlsx,137.25
2,庙堰-雅渡,DOWN,class4,0,0,0.0,138.15,results_庙堰-雅渡.xlsx,138.15
3,庙堰-雅渡,DOWN,class4,0,0,0.0,137.8,results_庙堰-雅渡.xlsx,137.8
4,庙堰-雅渡,DOWN,class4,0,0,0.0,136.3,results_庙堰-雅渡.xlsx,136.3
5,庙堰-雅渡,DOWN,class4,0,0,0.0,138.2,results_庙堰-雅渡.xlsx,138.2
6,庙堰-雅渡,DOWN,class4,1,1,0.0,136.6,results_庙堰-雅渡.xlsx,136.6
7,庙堰-雅渡,DOWN,class4,0,0,0.0,137.25,results_庙堰-雅渡.xlsx,137.25
8,庙堰-雅渡,DOWN,class4,0,0,0.0,137.1,results_庙堰-雅渡.xlsx,137.1
9,庙堰-雅渡,DOWN,class4,0,0,0.0,137.6,results_庙堰-雅渡.xlsx,137.6
10,庙堰-雅渡,DOWN,class4,0,0,0.0,137.0,results_庙堰-雅渡.xlsx,137.0
11,庙堰-雅渡,DOWN,class4,0,0,0.0,137.65,results_庙堰-雅渡.xlsx,137.65
12,庙堰-雅渡,DOWN,class4,0,0,0.0,136.8,results_庙堰-雅渡.xlsx,136.8
13,庙堰-雅渡,DOWN,class4,1,1,0.0,136.55,results_庙堰-雅渡.xlsx,136.55
14,庙堰-雅渡,DOWN,class4,0,0,0.0,138.5,results_庙堰-雅渡.xlsx,138.5
15,庙堰-雅渡,DOWN,class4,0,0,0.0,136.65,results_庙堰-雅渡.xlsx,136.65
16,庙堰-雅渡,DOWN,class4,0,0,0.0,136.7,results_庙堰-雅渡.xlsx,136.7
17,庙堰-雅渡,DOWN,class4,1,1,0.0,137.75,results_庙堰-雅渡.xlsx,137.75
18,庙堰-雅渡,DOWN,class3,0,0,0.0,134.55,results_庙堰-雅渡.xlsx,134.55
19,庙堰-雅渡,DOWN,class3,0,0,0.0,133.15,results_庙堰-雅渡.xlsx,133.15
20,庙堰-雅渡,DOWN,class4,0,0,0.0,136.1,results_庙堰-雅渡.xlsx,136.1
21,庙堰-雅渡,DOWN,class4,0,0,0.0,138.2,results_庙堰-雅渡.xlsx,138.2
22,庙堰-雅渡,DOWN,class4,0,0,0.0,137.8,results_庙堰-雅渡.xlsx,137.8
23,庙堰-雅渡,DOWN,class4,0,0,0.0,136.85,results_庙堰-雅渡.xlsx,136.85
24,庙堰-雅渡,DOWN,class4,0,0,0.0,137.8,results_庙堰-雅渡.xlsx,137.8
25,庙堰-雅渡,DOWN,class4,1,1,0.0,137.55,results_庙堰-雅渡.xlsx,137.55
26,庙堰-雅渡,DOWN,class4,0,0,0.0,136.8,results_庙堰-雅渡.xlsx,136.8
27,庙堰-雅渡,DOWN,class4,0,0,0.0,136.75,results_庙堰-雅渡.xlsx,136.75
28,庙堰-雅渡,DOWN,class4,0,0,0.0,136.4,results_庙堰-雅渡.xlsx,136.4
29,庙堰-雅渡,DOWN,class4,0,0,0.0,136.7,results_庙堰-雅渡.xlsx,136.7
30,庙堰-雅渡,DOWN,class4,0,0,0.0,136.0,results_庙堰-雅渡.xlsx,136.0
31,庙堰-雅渡,DOWN,class4,0,0,0.0,136.75,results_庙堰-雅渡.xlsx,136.75
32,庙堰-雅渡,DOWN,class4,1,1,0.0,136.6,results_庙堰-雅渡.xlsx,136.6
0,张家潭-同德路,UP,class3,0,0,0.0,150.8,results_张家潭-同德路.xlsx,150.8
1,张家潭-同德路,UP,class3,0,0,0.0,150.5,results_张家潭-同德路.xlsx,150.5
2,张家潭-同德路,UP,class3,0,0,0.0,150.55,results_张家潭-同德路.xlsx,150.55
3,张家潭-同德路,UP,class3,0,0,0.0,150.1,results_张家潭-同德路.xlsx,150.1
4,张家潭-同德路,UP,class3,0,0,0.0,151.55,results_张家潭-同德路.xlsx,151.55
5,张家潭-同德路,UP,class3,0,0,0.0,151.55,results_张家潭-同德路.xlsx,151.55
6,张家潭-同德路,UP,class3,1,1,0.0,151.65,results_张家潭-同德路.xlsx,151.65
7,张家潭-同德路,UP,class3,0,0,0.0,151.1,results_张家潭-同德路.xlsx,151.1
8,张家潭-同德路,UP,class3,0,0,0.0,152.65,results_张家潭-同德路.xlsx,152.65
9,张家潭-同德路,UP,class3,0,0,0.0,151.65,results_张家潭-同德路.xlsx,151.65
10,张家潭-同德路,UP,class3,0,0,0.0,152.15,results_张家潭-同德路.xlsx,152.15
11,张家潭-同德路,UP,class3,0,0,0.0,150.6,results_张家潭-同德路.xlsx,150.6
12,张家潭-同德路,UP,class3,0,0,0.0,151.35,results_张家潭-同德路.xlsx,151.35
13,张家潭-同德路,UP,class3,0,0,0.0,150.1,results_张家潭-同德路.xlsx,150.1
14,张家潭-同德路,UP,class2,1,1,0.0,146.2,results_张家潭-同德路.xlsx,146.2
15,张家潭-同德路,UP,class3,0,0,0.0,150.6,results_张家潭-同德路.xlsx,150.6
16,张家潭-同德路,UP,class3,0,0,0.0,152.05,results_张家潭-同德路.xlsx,152.05
17,张家潭-同德路,UP,class3,0,0,0.0,152.0,results_张家潭-同德路.xlsx,152.0
18,张家潭-同德路,UP,class4,1,1,0.0,158.4,results_张家潭-同德路.xlsx,158.4
19,张家潭-同德路,UP,class3,0,0,0.0,150.2,results_张家潭-同德路.xlsx,150.2
20,张家潭-同德路,UP,class2,0,0,0.0,147.75,results_张家潭-同德路.xlsx,147.75
21,张家潭-同德路,UP,class3,0,0,0.0,153.0,results_张家潭-同德路.xlsx,153.0
22,张家潭-同德路,UP,class3,0,0,0.0,152.15,results_张家潭-同德路.xlsx,152.15
23,张家潭-同德路,UP,class3,0,0,0.0,149.85,results_张家潭-同德路.xlsx,149.85
24,张家潭-同德路,UP,class3,0,0,0.0,151.7,results_张家潭-同德路.xlsx,151.7
25,张家潭-同德路,UP,class3,0,0,0.0,151.65,results_张家潭-同德路.xlsx,151.65
26,张家潭-同德路,UP,class3,1,1,0.0,151.75,results_张家潭-同德路.xlsx,151.75
27,张家潭-同德路,UP,class3,0,0,0.0,152.0,results_张家潭-同德路.xlsx,152.0
28,张家潭-同德路,UP,class3,0,0,0.0,151.85,results_张家潭-同德路.xlsx,151.85
29,张家潭-同德路,UP,class3,0,0,0.0,150.95,results_张家潭-同德路.xlsx,150.95
30,张家潭-同德路,UP,class3,0,0,0.0,152.6,results_张家潭-同德路.xlsx,152.6
31,张家潭-同德路,UP,class3,0,0,0.0,151.85,results_张家潭-同德路.xlsx,151.85
32,张家潭-同德路,UP,class3,0,0,0.0,149.8,results_张家潭-同德路.xlsx,149.8
33,张家潭-同德路,UP,class3,1,1,0.0,152.45,results_张家潭-同德路.xlsx,152.45
0,张家潭-布政,DOWN,class3,0,0,0.0,117.1,results_张家潭-布政.xlsx,117.1
1,张家潭-布政,DOWN,class4,0,0,0.0,118.8,results_张家潭-布政.xlsx,118.8
2,张家潭-布政,DOWN,class4,0,0,0.0,123.9,results_张家潭-布政.xlsx,123.9
3,张家潭-布政,DOWN,class4,0,0,0.0,123.55,results_张家潭-布政.xlsx,123.55
4,张家潭-布政,DOWN,class4,0,0,0.0,123.9,results_张家潭-布政.xlsx,123.9
5,张家潭-布政,DOWN,class4,0,0,0.0,118.5,results_张家潭-布政.xlsx,118.5
6,张家潭-布政,DOWN,class4,1,1,0.0,123.65,results_张家潭-布政.xlsx,123.65
7,张家潭-布政,DOWN,class3,0,0,0.0,116.85,results_张家潭-布政.xlsx,116.85
8,张家潭-布政,DOWN,class4,0,0,0.0,122.95,results_张家潭-布政.xlsx,122.95
9,张家潭-布政,DOWN,class4,0,0,0.0,122.95,results_张家潭-布政.xlsx,122.95
10,张家潭-布政,DOWN,class5,0,0,0.0,124.1,results_张家潭-布政.xlsx,124.1
11,张家潭-布政,DOWN,class4,0,0,0.0,123.45,results_张家潭-布政.xlsx,123.45
12,张家潭-布政,DOWN,class4,0,0,0.0,118.1,results_张家潭-布政.xlsx,118.1
13,张家潭-布政,DOWN,class4,1,1,0.0,123.5,results_张家潭-布政.xlsx,123.5
14,张家潭-布政,DOWN,class3,0,0,0.0,116.75,results_张家潭-布政.xlsx,116.75
15,张家潭-布政,DOWN,class3,0,0,0.0,117.5,results_张家潭-布政.xlsx,117.5
16,张家潭-布政,DOWN,class4,0,0,0.0,118.5,results_张家潭-布政.xlsx,118.5
17,张家潭-布政,DOWN,class5,1,1,0.0,124.35,results_张家潭-布政.xlsx,124.35
18,张家潭-布政,DOWN,class3,0,0,0.0,117.25,results_张家潭-布政.xlsx,117.25
19,张家潭-布政,DOWN,class4,0,0,0.0,118.8,results_张家潭-布政.xlsx,118.8
20,张家潭-布政,DOWN,class3,0,0,0.0,117.6,results_张家潭-布政.xlsx,117.6
21,张家潭-布政,DOWN,class5,0,0,0.0,124.85,results_张家潭-布政.xlsx,124.85
22,张家潭-布政,DOWN,class5,0,0,0.0,124.35,results_张家潭-布政.xlsx,124.35
23,张家潭-布政,DOWN,class4,0,0,0.0,123.9,results_张家潭-布政.xlsx,123.9
24,张家潭-布政,DOWN,class3,0,0,0.0,116.35,results_张家潭-布政.xlsx,116.35
25,张家潭-布政,DOWN,class5,1,1,0.0,141.25,results_张家潭-布政.xlsx,141.25
26,张家潭-布政,DOWN,class5,0,0,0.0,124.8,results_张家潭-布政.xlsx,124.8
27,张家潭-布政,DOWN,class5,0,0,0.0,124.6,results_张家潭-布政.xlsx,124.6
28,张家潭-布政,DOWN,class5,0,0,0.0,124.6,results_张家潭-布政.xlsx,124.6
29,张家潭-布政,DOWN,class5,0,0,0.0,124.45,results_张家潭-布政.xlsx,124.45
30,张家潭-布政,DOWN,class4,0,0,0.0,122.95,results_张家潭-布政.xlsx,122.95
31,张家潭-布政,DOWN,class5,0,0,0.0,124.85,results_张家潭-布政.xlsx,124.85
32,张家潭-布政,DOWN,class5,1,1,0.0,124.25,results_张家潭-布政.xlsx,124.25
0,石碶-同德路,DOWN,class4,0,0,0.0,111.65,results_石碶-同德路.xlsx,111.65
1,石碶-同德路,DOWN,class3,0,0,0.0,110.85,results_石碶-同德路.xlsx,110.85
2,石碶-同德路,DOWN,class5,0,0,0.0,118.85,results_石碶-同德路.xlsx,118.85
3,石碶-同德路,DOWN,class5,0,0,0.0,117.7,results_石碶-同德路.xlsx,117.7
4,石碶-同德路,DOWN,class5,0,0,0.0,118.15,results_石碶-同德路.xlsx,118.15
5,石碶-同德路,DOWN,class4,0,0,0.0,112.8,results_石碶-同德路.xlsx,112.8
6,石碶-同德路,DOWN,class5,1,1,0.0,118.55,results_石碶-同德路.xlsx,118.55
7,石碶-同德路,DOWN,class4,0,0,0.0,112.75,results_石碶-同德路.xlsx,112.75
8,石碶-同德路,DOWN,class5,0,0,0.0,119.25,results_石碶-同德路.xlsx,119.25
9,石碶-同德路,DOWN,class5,0,0,0.0,118.1,results_石碶-同德路.xlsx,118.1
10,石碶-同德路,DOWN,class5,0,0,0.0,117.9,results_石碶-同德路.xlsx,117.9
11,石碶-同德路,DOWN,class5,0,0,0.0,118.5,results_石碶-同德路.xlsx,118.5
12,石碶-同德路,DOWN,class4,0,0,0.0,113.15,results_石碶-同德路.xlsx,113.15
13,石碶-同德路,DOWN,class5,1,1,0.0,118.1,results_石碶-同德路.xlsx,118.1
14,石碶-同德路,DOWN,class4,0,0,0.0,112.45,results_石碶-同德路.xlsx,112.45
15,石碶-同德路,DOWN,class4,0,0,0.0,113.45,results_石碶-同德路.xlsx,113.45
16,石碶-同德路,DOWN,class4,0,0,0.0,113.8,results_石碶-同德路.xlsx,113.8
17,石碶-同德路,DOWN,class5,1,1,0.0,117.55,results_石碶-同德路.xlsx,117.55
18,石碶-同德路,DOWN,class4,0,0,0.0,112.95,results_石碶-同德路.xlsx,112.95
19,石碶-同德路,DOWN,class3,0,0,0.0,109.7,results_石碶-同德路.xlsx,109.7
20,石碶-同德路,DOWN,class4,0,0,0.0,112.65,results_石碶-同德路.xlsx,112.65
21,石碶-同德路,DOWN,class5,0,0,0.0,118.3,results_石碶-同德路.xlsx,118.3
22,石碶-同德路,DOWN,class5,0,0,0.0,117.55,results_石碶-同德路.xlsx,117.55
23,石碶-同德路,DOWN,class5,0,0,0.0,118.05,results_石碶-同德路.xlsx,118.05
24,石碶-同德路,DOWN,class4,0,0,0.0,112.65,results_石碶-同德路.xlsx,112.65
25,石碶-同德路,DOWN,class5,1,1,0.0,118.2,results_石碶-同德路.xlsx,118.2
26,石碶-同德路,DOWN,class5,0,0,0.0,120.9,results_石碶-同德路.xlsx,120.9
27,石碶-同德路,DOWN,class5,0,0,0.0,118.5,results_石碶-同德路.xlsx,118.5
28,石碶-同德路,DOWN,class5,0,0,0.0,117.7,results_石碶-同德路.xlsx,117.7
29,石碶-同德路,DOWN,class5,0,0,0.0,118.3,results_石碶-同德路.xlsx,118.3
30,石碶-同德路,DOWN,class5,0,0,0.0,119.4,results_石碶-同德路.xlsx,119.4
31,石碶-同德路,DOWN,class5,0,0,0.0,117.7,results_石碶-同德路.xlsx,117.7
32,石碶-同德路,DOWN,class5,1,1,0.0,118.2,results_石碶-同德路.xlsx,118.2
0,石碶-雅渡,UP,class2,0,0,0.0,79.25,results_石碶-雅渡.xlsx,79.25
1,石碶-雅渡,UP,class2,0,0,0.0,79.15,results_石碶-雅渡.xlsx,79.15
2,石碶-雅渡,UP,class3,0,0,0.0,83.45,results_石碶-雅渡.xlsx,83.45
3,石碶-雅渡,UP,class2,0,0,0.0,79.0,results_石碶-雅渡.xlsx,79.0
4,石碶-雅渡,UP,class3,0,0,0.0,82.0,results_石碶-雅渡.xlsx,82.0
5,石碶-雅渡,UP,class2,0,0,0.0,79.45,results_石碶-雅渡.xlsx,79.45
6,石碶-雅渡,UP,class3,1,1,0.0,83.85,results_石碶-雅渡.xlsx,83.85
7,石碶-雅渡,UP,class2,0,0,0.0,78.6,results_石碶-雅渡.xlsx,78.6
8,石碶-雅渡,UP,class2,0,0,0.0,78.15,results_石碶-雅渡.xlsx,78.15
9,石碶-雅渡,UP,class3,0,0,0.0,81.8,results_石碶-雅渡.xlsx,81.8
10,石碶-雅渡,UP,class2,0,0,0.0,78.95,results_石碶-雅渡.xlsx,78.95
11,石碶-雅渡,UP,class2,0,0,0.0,78.15,results_石碶-雅渡.xlsx,78.15
12,石碶-雅渡,UP,class2,0,0,0.0,78.55,results_石碶-雅渡.xlsx,78.55
13,石碶-雅渡,UP,class3,0,0,0.0,83.75,results_石碶-雅渡.xlsx,83.75
14,石碶-雅渡,UP,class2,1,1,0.0,78.8,results_石碶-雅渡.xlsx,78.8
15,石碶-雅渡,UP,class2,0,0,0.0,78.45,results_石碶-雅渡.xlsx,78.45
16,石碶-雅渡,UP,class3,0,0,0.0,82.65,results_石碶-雅渡.xlsx,82.65
17,石碶-雅渡,UP,class4,0,0,0.0,85.05,results_石碶-雅渡.xlsx,85.05
18,石碶-雅渡,UP,class4,1,1,0.0,87.55,results_石碶-雅渡.xlsx,87.55
19,石碶-雅渡,UP,class2,0,0,0.0,80.95,results_石碶-雅渡.xlsx,80.95
20,石碶-雅渡,UP,class3,0,0,0.0,81.3,results_石碶-雅渡.xlsx,81.3
21,石碶-雅渡,UP,class3,0,0,0.0,83.8,results_石碶-雅渡.xlsx,83.8
22,石碶-雅渡,UP,class3,0,0,0.0,83.65,results_石碶-雅渡.xlsx,83.65
23,石碶-雅渡,UP,class3,0,0,0.0,84.0,results_石碶-雅渡.xlsx,84.0
24,石碶-雅渡,UP,class3,0,0,0.0,84.0,results_石碶-雅渡.xlsx,84.0
25,石碶-雅渡,UP,class4,0,0,0.0,84.15,results_石碶-雅渡.xlsx,84.15
26,石碶-雅渡,UP,class1,1,1,0.0,75.8,results_石碶-雅渡.xlsx,75.8
27,石碶-雅渡,UP,class3,0,0,0.0,83.6,results_石碶-雅渡.xlsx,83.6
28,石碶-雅渡,UP,class3,0,0,0.0,82.2,results_石碶-雅渡.xlsx,82.2
29,石碶-雅渡,UP,class3,0,0,0.0,82.2,results_石碶-雅渡.xlsx,82.2
30,石碶-雅渡,UP,class3,0,0,0.0,82.05,results_石碶-雅渡.xlsx,82.05
31,石碶-雅渡,UP,class2,0,0,0.0,79.2,results_石碶-雅渡.xlsx,79.2
32,石碶-雅渡,UP,class3,0,0,0.0,81.4,results_石碶-雅渡.xlsx,81.4
33,石碶-雅渡,UP,class1,1,1,0.0,76.65,results_石碶-雅渡.xlsx,76.65
0,雅渡-庙堰,UP,class3,0,0,0.0,133.7,results_雅渡-庙堰.xlsx,133.7
1,雅渡-庙堰,UP,class4,0,0,0.0,136.4,results_雅渡-庙堰.xlsx,136.4
2,雅渡-庙堰,UP,class3,0,0,0.0,131.1,results_雅渡-庙堰.xlsx,131.1
3,雅渡-庙堰,UP,class4,0,0,0.0,136.85,results_雅渡-庙堰.xlsx,136.85
4,雅渡-庙堰,UP,class2,0,0,0.0,130.05,results_雅渡-庙堰.xlsx,130.05
5,雅渡-庙堰,UP,class3,0,0,0.0,133.95,results_雅渡-庙堰.xlsx,133.95
6,雅渡-庙堰,UP,class3,1,1,0.0,131.15,results_雅渡-庙堰.xlsx,131.15
7,雅渡-庙堰,UP,class3,0,0,0.0,134.0,results_雅渡-庙堰.xlsx,134.0
8,雅渡-庙堰,UP,class3,0,0,0.0,133.0,results_雅渡-庙堰.xlsx,133.0
9,雅渡-庙堰,UP,class3,0,0,0.0,133.05,results_雅渡-庙堰.xlsx,133.05
10,雅渡-庙堰,UP,class4,0,0,0.0,136.5,results_雅渡-庙堰.xlsx,136.5
11,雅渡-庙堰,UP,class4,0,0,0.0,136.2,results_雅渡-庙堰.xlsx,136.2
12,雅渡-庙堰,UP,class3,0,0,0.0,133.85,results_雅渡-庙堰.xlsx,133.85
13,雅渡-庙堰,UP,class3,0,0,0.0,130.95,results_雅渡-庙堰.xlsx,130.95
14,雅渡-庙堰,UP,class2,1,1,0.0,128.3,results_雅渡-庙堰.xlsx,128.3
15,雅渡-庙堰,UP,class3,0,0,0.0,131.85,results_雅渡-庙堰.xlsx,131.85
16,雅渡-庙堰,UP,class2,0,0,0.0,130.2,results_雅渡-庙堰.xlsx,130.2
17,雅渡-庙堰,UP,class3,0,0,0.0,132.3,results_雅渡-庙堰.xlsx,132.3
18,雅渡-庙堰,UP,class4,1,1,0.0,135.6,results_雅渡-庙堰.xlsx,135.6
19,雅渡-庙堰,UP,class3,0,0,0.0,132.3,results_雅渡-庙堰.xlsx,132.3
20,雅渡-庙堰,UP,class2,0,0,0.0,130.0,results_雅渡-庙堰.xlsx,130.0
21,雅渡-庙堰,UP,class3,0,0,0.0,133.1,results_雅渡-庙堰.xlsx,133.1
22,雅渡-庙堰,UP,class3,0,0,0.0,131.95,results_雅渡-庙堰.xlsx,131.95
23,雅渡-庙堰,UP,class3,0,0,0.0,131.95,results_雅渡-庙堰.xlsx,131.95
24,雅渡-庙堰,UP,class2,0,0,0.0,129.1,results_雅渡-庙堰.xlsx,129.1
25,雅渡-庙堰,UP,class3,0,0,0.0,132.25,results_雅渡-庙堰.xlsx,132.25
26,雅渡-庙堰,UP,class3,1,1,0.0,132.0,results_雅渡-庙堰.xlsx,132.0
27,雅渡-庙堰,UP,class3,0,0,0.0,131.05,results_雅渡-庙堰.xlsx,131.05
28,雅渡-庙堰,UP,class3,0,0,0.0,130.95,results_雅渡-庙堰.xlsx,130.95
29,雅渡-庙堰,UP,class3,0,0,0.0,131.4,results_雅渡-庙堰.xlsx,131.4
30,雅渡-庙堰,UP,class3,0,0,0.0,131.85,results_雅渡-庙堰.xlsx,131.85
31,雅渡-庙堰,UP,class3,0,0,0.0,135.05,results_雅渡-庙堰.xlsx,135.05
32,雅渡-庙堰,UP,class3,0,0,0.0,131.2,results_雅渡-庙堰.xlsx,131.2
33,雅渡-庙堰,UP,class2,1,1,0.0,127.9,results_雅渡-庙堰.xlsx,127.9
0,雅渡-石碶,DOWN,class3,0,0,0.0,81.55,results_雅渡-石碶.xlsx,81.55
1,雅渡-石碶,DOWN,class3,0,0,0.0,82.0,results_雅渡-石碶.xlsx,82.0
2,雅渡-石碶,DOWN,class3,0,0,0.0,81.35,results_雅渡-石碶.xlsx,81.35
3,雅渡-石碶,DOWN,class3,0,0,0.0,81.1,results_雅渡-石碶.xlsx,81.1
4,雅渡-石碶,DOWN,class3,0,0,0.0,82.95,results_雅渡-石碶.xlsx,82.95
5,雅渡-石碶,DOWN,class3,0,0,0.0,82.25,results_雅渡-石碶.xlsx,82.25
6,雅渡-石碶,DOWN,class3,1,1,0.0,82.6,results_雅渡-石碶.xlsx,82.6
7,雅渡-石碶,DOWN,class3,0,0,0.0,81.15,results_雅渡-石碶.xlsx,81.15
8,雅渡-石碶,DOWN,class3,0,0,0.0,83.2,results_雅渡-石碶.xlsx,83.2
9,雅渡-石碶,DOWN,class3,0,0,0.0,82.95,results_雅渡-石碶.xlsx,82.95
10,雅渡-石碶,DOWN,class3,0,0,0.0,82.2,results_雅渡-石碶.xlsx,82.2
11,雅渡-石碶,DOWN,class3,0,0,0.0,82.1,results_雅渡-石碶.xlsx,82.1
12,雅渡-石碶,DOWN,class3,0,0,0.0,82.55,results_雅渡-石碶.xlsx,82.55
13,雅渡-石碶,DOWN,class3,1,1,0.0,82.45,results_雅渡-石碶.xlsx,82.45
14,雅渡-石碶,DOWN,class3,0,0,0.0,81.8,results_雅渡-石碶.xlsx,81.8
15,雅渡-石碶,DOWN,class3,0,0,0.0,83.0,results_雅渡-石碶.xlsx,83.0
16,雅渡-石碶,DOWN,class3,0,0,0.0,83.8,results_雅渡-石碶.xlsx,83.8
17,雅渡-石碶,DOWN,class3,1,1,0.0,81.7,results_雅渡-石碶.xlsx,81.7
18,雅渡-石碶,DOWN,class3,0,0,0.0,82.8,results_雅渡-石碶.xlsx,82.8
19,雅渡-石碶,DOWN,class3,0,0,0.0,82.1,results_雅渡-石碶.xlsx,82.1
20,雅渡-石碶,DOWN,class3,0,0,0.0,83.55,results_雅渡-石碶.xlsx,83.55
21,雅渡-石碶,DOWN,class3,0,0,0.0,82.3,results_雅渡-石碶.xlsx,82.3
22,雅渡-石碶,DOWN,class3,0,0,0.0,81.3,results_雅渡-石碶.xlsx,81.3
23,雅渡-石碶,DOWN,class3,0,0,0.0,83.45,results_雅渡-石碶.xlsx,83.45
24,雅渡-石碶,DOWN,class3,0,0,0.0,82.65,results_雅渡-石碶.xlsx,82.65
25,雅渡-石碶,DOWN,class3,1,1,0.0,82.7,results_雅渡-石碶.xlsx,82.7
26,雅渡-石碶,DOWN,class3,0,0,0.0,81.95,results_雅渡-石碶.xlsx,81.95
27,雅渡-石碶,DOWN,class3,0,0,0.0,83.25,results_雅渡-石碶.xlsx,83.25
28,雅渡-石碶,DOWN,class3,0,0,0.0,81.4,results_雅渡-石碶.xlsx,81.4
29,雅渡-石碶,DOWN,class3,0,0,0.0,82.55,results_雅渡-石碶.xlsx,82.55
30,雅渡-石碶,DOWN,class3,0,0,0.0,83.25,results_雅渡-石碶.xlsx,83.25
31,雅渡-石碶,DOWN,class3,0,0,0.0,81.8,results_雅渡-石碶.xlsx,81.8
32,雅渡-石碶,DOWN,class3,1,1,0.0,82.7,results_雅渡-石碶.xlsx,82.7
