t_local,v(m/s),s_local(m),t_global,station_pair
0.0,0.0,0.0,447.75,石碶-雅渡
0.05,0.027500000000000004,0.0013750000000000004,447.8,石碶-雅渡
0.1,0.05500000000000001,0.004125000000000001,447.85,石碶-雅渡
0.15000000000000002,0.08250000000000002,0.008250000000000002,447.9,石碶-雅渡
0.2,0.11000000000000001,0.013750000000000004,447.95,石碶-雅渡
0.25,0.1375,0.020625000000000004,448.0,石碶-雅渡
0.30000000000000004,0.16500000000000004,0.028875000000000005,448.05,石碶-雅渡
0.35000000000000003,0.19250000000000003,0.038500000000000006,448.1,石碶-雅渡
0.4,0.22000000000000003,0.04950000000000001,448.15,石碶-雅渡
0.45,0.24750000000000003,0.06187500000000001,448.2,石碶-雅渡
0.5,0.275,0.07562500000000001,448.25,石碶-雅渡
0.55,0.30250000000000005,0.09075000000000001,448.3,石碶-雅渡
0.6000000000000001,0.33000000000000007,0.10725000000000001,448.35,石碶-雅渡
0.65,0.35750000000000004,0.12512500000000001,448.4,石碶-雅渡
0.7000000000000001,0.38500000000000006,0.14437500000000003,448.45,石碶-雅渡
0.75,0.41250000000000003,0.16500000000000004,448.5,石碶-雅渡
0.8,0.44000000000000006,0.18700000000000006,448.55,石碶-雅渡
0.8500000000000001,0.4675000000000001,0.21037500000000006,448.6,石碶-雅渡
0.9,0.49500000000000005,0.23512500000000006,448.65,石碶-雅渡
0.9500000000000001,0.5225000000000001,0.26125000000000004,448.7,石碶-雅渡
1.0,0.55,0.28875000000000006,448.75,石碶-雅渡
1.05,0.5775000000000001,0.31762500000000005,448.8,石碶-雅渡
1.1,0.6050000000000001,0.34787500000000005,448.85,石碶-雅渡
1.1500000000000001,0.6325000000000002,0.37950000000000006,448.9,石碶-雅渡
1.2000000000000002,0.6600000000000001,0.4125000000000001,448.95,石碶-雅渡
1.25,0.6875,0.4468750000000001,449.0,石碶-雅渡
1.3,0.7150000000000001,0.4826250000000001,449.05,石碶-雅渡
1.35,0.7425000000000002,0.51975,449.1,石碶-雅渡
1.4000000000000001,0.7700000000000001,0.55825,449.15,石碶-雅渡
1.4500000000000002,0.7975000000000002,0.598125,449.2,石碶-雅渡
1.5,0.8250000000000001,0.639375,449.25,石碶-雅渡
1.55,0.8525000000000001,0.682,449.3,石碶-雅渡
1.6,0.8800000000000001,0.7260000000000001,449.35,石碶-雅渡
1.6500000000000001,0.9075000000000002,0.7713750000000001,449.4,石碶-雅渡
1.7000000000000002,0.9350000000000002,0.8181250000000002,449.45,石碶-雅渡
1.75,0.9625000000000001,0.8662500000000002,449.5,石碶-雅渡
1.8,0.9900000000000001,0.9157500000000002,449.55,石碶-雅渡
1.85,1.0175,0.9666250000000002,449.6,石碶-雅渡
1.9000000000000001,1.0450000000000002,1.0188750000000002,449.65,石碶-雅渡
1.9500000000000002,1.0725000000000002,1.0725000000000002,449.7,石碶-雅渡
2.0,1.1,1.1275000000000002,449.75,石碶-雅渡
2.0500000000000003,1.1275000000000002,1.1838750000000002,449.8,石碶-雅渡
2.1,1.1550000000000002,1.2416250000000002,449.85,石碶-雅渡
2.15,1.1825,1.3007500000000003,449.9,石碶-雅渡
2.2,1.2100000000000002,1.3612500000000003,449.95,石碶-雅渡
2.25,1.2375,1.4231250000000002,450.0,石碶-雅渡
2.3000000000000003,1.2650000000000003,1.4863750000000002,450.05,石碶-雅渡
2.35,1.2925000000000002,1.5510000000000002,450.1,石碶-雅渡
2.4000000000000004,1.3200000000000003,1.6170000000000002,450.15,石碶-雅渡
2.45,1.3475000000000001,1.6843750000000002,450.2,石碶-雅渡
2.5,1.375,1.7531250000000003,450.25,石碶-雅渡
2.5500000000000003,1.4025000000000003,1.8232500000000003,450.3,石碶-雅渡
2.6,1.4300000000000002,1.8947500000000002,450.35,石碶-雅渡
2.6500000000000004,1.4575000000000002,1.9676250000000002,450.4,石碶-雅渡
2.7,1.4850000000000003,2.041875,450.45,石碶-雅渡
2.75,1.5125000000000002,2.1175,450.5,石碶-雅渡
2.8000000000000003,1.5400000000000003,2.1945,450.55,石碶-雅渡
2.85,1.5675000000000001,2.272875,450.6,石碶-雅渡
2.9000000000000004,1.5950000000000004,2.352625,450.65,石碶-雅渡
2.95,1.6225000000000003,2.4337500000000003,450.7,石碶-雅渡
3.0,1.6500000000000001,2.5162500000000003,450.75,石碶-雅渡
3.0500000000000003,1.6775000000000002,2.6001250000000002,450.8,石碶-雅渡
3.1,1.7050000000000003,2.685375,450.85,石碶-雅渡
3.1500000000000004,1.7325000000000004,2.7720000000000002,450.9,石碶-雅渡
3.2,1.7600000000000002,2.8600000000000003,450.95,石碶-雅渡
3.25,1.7875,2.9493750000000003,451.0,石碶-雅渡
3.3000000000000003,1.8150000000000004,3.040125,451.05,石碶-雅渡
3.35,1.8425000000000002,3.13225,451.1,石碶-雅渡
3.4000000000000004,1.8700000000000003,3.22575,451.15,石碶-雅渡
3.45,1.8975000000000002,3.320625,451.2,石碶-雅渡
3.5,1.9250000000000003,3.416875,451.25,石碶-雅渡
3.5500000000000003,1.9525000000000003,3.5145,451.3,石碶-雅渡
3.6,1.9800000000000002,3.6135,451.35,石碶-雅渡
3.6500000000000004,2.0075000000000003,3.7138750000000003,451.4,石碶-雅渡
3.7,2.035,3.8156250000000003,451.45,石碶-雅渡
3.75,2.0625,3.91875,451.5,石碶-雅渡
3.8000000000000003,2.0900000000000003,4.02325,451.55,石碶-雅渡
3.85,2.1175,4.129125,451.6,石碶-雅渡
3.9000000000000004,2.1450000000000005,4.236375,451.65,石碶-雅渡
3.95,2.1725000000000003,4.345,451.7,石碶-雅渡
4.0,2.2,4.455,451.75,石碶-雅渡
4.05,2.2275,4.566375,451.8,石碶-雅渡
4.1000000000000005,2.2550000000000003,4.679125,451.85,石碶-雅渡
4.15,2.2825,4.79325,451.9,石碶-雅渡
4.2,2.3100000000000005,4.9087499999999995,451.95,石碶-雅渡
4.25,2.3375000000000004,5.025625,452.0,石碶-雅渡
4.3,2.365,5.1438749999999995,452.05,石碶-雅渡
4.3500000000000005,2.3925000000000005,5.2635,452.1,石碶-雅渡
4.4,2.4200000000000004,5.3845,452.15,石碶-雅渡
4.45,2.4475000000000002,5.506875,452.2,石碶-雅渡
4.5,2.475,5.630625,452.25,石碶-雅渡
4.55,2.5025,5.75575,452.3,石碶-雅渡
4.6000000000000005,2.5300000000000007,5.88225,452.35,石碶-雅渡
4.65,2.5575000000000006,6.010125,452.4,石碶-雅渡
4.7,2.5850000000000004,6.139375,452.45,石碶-雅渡
4.75,2.6125000000000003,6.2700000000000005,452.5,石碶-雅渡
4.800000000000001,2.6400000000000006,6.402,452.55,石碶-雅渡
4.8500000000000005,2.6675000000000004,6.535375,452.6,石碶-雅渡
4.9,2.6950000000000003,6.6701250000000005,452.65,石碶-雅渡
4.95,2.7225,6.80625,452.7,石碶-雅渡
5.0,2.75,6.9437500000000005,452.75,石碶-雅渡
5.050000000000001,2.7775000000000007,7.082625,452.8,石碶-雅渡
5.1000000000000005,2.8050000000000006,7.222875,452.85,石碶-雅渡
5.15,2.8325000000000005,7.3645000000000005,452.9,石碶-雅渡
5.2,2.8600000000000003,7.5075,452.95,石碶-雅渡
5.25,2.8875,7.651875,453.0,石碶-雅渡
5.300000000000001,2.9150000000000005,7.797625,453.05,石碶-雅渡
5.3500000000000005,2.9425000000000003,7.94475,453.1,石碶-雅渡
5.4,2.9700000000000006,8.09325,453.15,石碶-雅渡
5.45,2.9975000000000005,8.243125,453.2,石碶-雅渡
5.5,3.0250000000000004,8.394374999999998,453.25,石碶-雅渡
5.550000000000001,3.0525000000000007,8.546999999999999,453.3,石碶-雅渡
5.6000000000000005,3.0800000000000005,8.700999999999999,453.35,石碶-雅渡
5.65,3.1075000000000004,8.856374999999998,453.4,石碶-雅渡
5.7,3.1350000000000002,9.013124999999999,453.45,石碶-雅渡
5.75,3.1625,9.171249999999999,453.5,石碶-雅渡
5.800000000000001,3.190000000000001,9.330749999999998,453.55,石碶-雅渡
5.8500000000000005,3.2175000000000007,9.491624999999999,453.6,石碶-雅渡
5.9,3.2450000000000006,9.653875,453.65,石碶-雅渡
5.95,3.2725000000000004,9.817499999999999,453.7,石碶-雅渡
6.0,3.3000000000000003,9.982499999999998,453.75,石碶-雅渡
6.050000000000001,3.3275000000000006,10.148874999999999,453.8,石碶-雅渡
6.1000000000000005,3.3550000000000004,10.316624999999998,453.85,石碶-雅渡
6.15,3.3825000000000003,10.485749999999998,453.9,石碶-雅渡
6.2,3.4100000000000006,10.656249999999998,453.95,石碶-雅渡
6.25,3.4375000000000004,10.828124999999998,454.0,石碶-雅渡
6.300000000000001,3.4650000000000007,11.001374999999998,454.05,石碶-雅渡
6.3500000000000005,3.4925000000000006,11.175999999999998,454.1,石碶-雅渡
6.4,3.5200000000000005,11.351999999999999,454.15,石碶-雅渡
6.45,3.5475000000000003,11.529374999999998,454.2,石碶-雅渡
6.5,3.575,11.708124999999999,454.25,石碶-雅渡
6.550000000000001,3.6025000000000005,11.88825,454.3,石碶-雅渡
6.6000000000000005,3.630000000000001,12.069749999999999,454.35,石碶-雅渡
6.65,3.6575000000000006,12.252624999999998,454.4,石碶-雅渡
6.7,3.6850000000000005,12.436874999999999,454.45,石碶-雅渡
6.75,3.7125000000000004,12.622499999999999,454.5,石碶-雅渡
6.800000000000001,3.7400000000000007,12.809499999999998,454.55,石碶-雅渡
6.8500000000000005,3.7675000000000005,12.997874999999999,454.6,石碶-雅渡
6.9,3.7950000000000004,13.187624999999999,454.65,石碶-雅渡
6.95,3.8225000000000002,13.378749999999998,454.7,石碶-雅渡
7.0,3.8500000000000005,13.57125,454.75,石碶-雅渡
7.050000000000001,3.877500000000001,13.765125,454.8,石碶-雅渡
7.1000000000000005,3.9050000000000007,13.960374999999999,454.85,石碶-雅渡
7.15,3.9325000000000006,14.157,454.9,石碶-雅渡
7.2,3.9600000000000004,14.355,454.95,石碶-雅渡
7.25,3.9875000000000003,14.554375,455.0,石碶-雅渡
7.300000000000001,4.015000000000001,14.755125,455.05,石碶-雅渡
7.3500000000000005,4.0425,14.95725,455.1,石碶-雅渡
7.4,4.07,15.16075,455.15,石碶-雅渡
7.45,4.0975,15.365625,455.2,石碶-雅渡
7.5,4.125,15.571875,455.25,石碶-雅渡
7.550000000000001,4.152500000000001,15.7795,455.3,石碶-雅渡
7.6000000000000005,4.180000000000001,15.9885,455.35,石碶-雅渡
7.65,4.2075000000000005,16.198875,455.4,石碶-雅渡
7.7,4.235,16.410625,455.45,石碶-雅渡
7.75,4.2625,16.62375,455.5,石碶-雅渡
7.800000000000001,4.290000000000001,16.838250000000002,455.55,石碶-雅渡
7.8500000000000005,4.317500000000001,17.054125000000003,455.6,石碶-雅渡
7.9,4.345000000000001,17.271375000000003,455.65,石碶-雅渡
7.95,4.3725000000000005,17.490000000000002,455.7,石碶-雅渡
8.0,4.4,17.71,455.75,石碶-雅渡
8.05,4.427500000000001,17.931375,455.8,石碶-雅渡
8.1,4.455,18.154125,455.85,石碶-雅渡
8.15,4.482500000000001,18.37825,455.9,石碶-雅渡
8.200000000000001,4.510000000000001,18.60375,455.95,石碶-雅渡
8.25,4.5375000000000005,18.830625,456.0,石碶-雅渡
8.3,4.565,19.058875,456.05,石碶-雅渡
8.35,4.5925,19.2885,456.1,石碶-雅渡
8.4,4.620000000000001,19.5195,456.15,石碶-雅渡
8.450000000000001,4.647500000000001,19.751875000000002,456.2,石碶-雅渡
8.5,4.675000000000001,19.985625000000002,456.25,石碶-雅渡
8.55,4.702500000000001,20.220750000000002,456.3,石碶-雅渡
8.6,4.73,20.457250000000002,456.35,石碶-雅渡
8.65,4.7575,20.695125,456.4,石碶-雅渡
8.700000000000001,4.785000000000001,20.934375,456.45,石碶-雅渡
8.75,4.8125,21.175,456.5,石碶-雅渡
8.8,4.840000000000001,21.417,456.55,石碶-雅渡
8.85,4.867500000000001,21.660375000000002,456.6,石碶-雅渡
8.9,4.8950000000000005,21.905125,456.65,石碶-雅渡
8.950000000000001,4.922500000000001,22.15125,456.7,石碶-雅渡
9.0,4.95,22.39875,456.75,石碶-雅渡
9.05,4.977500000000001,22.647625,456.8,石碶-雅渡
9.1,5.005,22.897875000000003,456.85,石碶-雅渡
9.15,5.032500000000001,23.149500000000003,456.9,石碶-雅渡
9.200000000000001,5.060000000000001,23.402500000000003,456.95,石碶-雅渡
9.25,5.0875,23.656875000000003,457.0,石碶-雅渡
9.3,5.115000000000001,23.912625000000002,457.05,石碶-雅渡
9.35,5.1425,24.16975,457.1,石碶-雅渡
9.4,5.170000000000001,24.428250000000002,457.15,石碶-雅渡
9.450000000000001,5.197500000000001,24.688125000000003,457.2,石碶-雅渡
9.5,5.2250000000000005,24.949375000000003,457.25,石碶-雅渡
9.55,5.2525,25.212000000000003,457.3,石碶-雅渡
9.600000000000001,5.280000000000001,25.476000000000003,457.35,石碶-雅渡
9.65,5.307500000000001,25.741375,457.4,石碶-雅渡
9.700000000000001,5.335000000000001,26.008125,457.45,石碶-雅渡
9.75,5.362500000000001,26.27625,457.5,石碶-雅渡
9.8,5.390000000000001,26.54575,457.55,石碶-雅渡
9.850000000000001,5.417500000000001,26.816625000000002,457.6,石碶-雅渡
9.9,5.445,27.088875,457.65,石碶-雅渡
9.950000000000001,5.472500000000001,27.3625,457.7,石碶-雅渡
10.0,5.5,27.6375,457.75,石碶-雅渡
10.05,5.527500000000001,27.913875,457.8,石碶-雅渡
10.100000000000001,5.5550000000000015,28.191625000000002,457.85,石碶-雅渡
10.15,5.5825000000000005,28.470750000000002,457.9,石碶-雅渡
10.200000000000001,5.610000000000001,28.751250000000002,457.95,石碶-雅渡
10.25,5.6375,29.033125000000002,458.0,石碶-雅渡
10.3,5.665000000000001,29.316375,458.05,石碶-雅渡
10.350000000000001,5.692500000000002,29.601,458.1,石碶-雅渡
10.4,5.720000000000001,29.887,458.15,石碶-雅渡
10.450000000000001,5.747500000000001,30.174375,458.2,石碶-雅渡
10.5,5.775,30.463125,458.25,石碶-雅渡
10.55,5.802500000000001,30.75325,458.3,石碶-雅渡
10.600000000000001,5.830000000000001,31.04475,458.35,石碶-雅渡
10.65,5.857500000000001,31.337625,458.4,石碶-雅渡
10.700000000000001,5.885000000000001,31.631875,458.45,石碶-雅渡
10.75,5.9125000000000005,31.927500000000002,458.5,石碶-雅渡
10.8,5.940000000000001,32.2245,458.55,石碶-雅渡
10.850000000000001,5.967500000000001,32.522875,458.6,石碶-雅渡
10.9,5.995000000000001,32.822625,458.65,石碶-雅渡
10.950000000000001,6.022500000000001,33.12375,458.7,石碶-雅渡
11.0,6.050000000000001,33.42625,458.75,石碶-雅渡
11.05,6.077500000000001,33.730125,458.8,石碶-雅渡
11.100000000000001,6.105000000000001,34.035375,458.85,石碶-雅渡
11.15,6.1325,34.342,458.9,石碶-雅渡
11.200000000000001,6.160000000000001,34.65,458.95,石碶-雅渡
11.25,6.187500000000001,34.959375,459.0,石碶-雅渡
11.3,6.215000000000001,35.270125,459.05,石碶-雅渡
11.350000000000001,6.2425000000000015,35.58225,459.1,石碶-雅渡
11.4,6.2700000000000005,35.89575,459.15,石碶-雅渡
11.450000000000001,6.297500000000001,36.210625,459.2,石碶-雅渡
11.5,6.325,36.526875,459.25,石碶-雅渡
11.55,6.352500000000001,36.8445,459.3,石碶-雅渡
11.600000000000001,6.380000000000002,37.1635,459.35,石碶-雅渡
11.65,6.407500000000001,37.483875,459.4,石碶-雅渡
11.700000000000001,6.435000000000001,37.805625,459.45,石碶-雅渡
11.75,6.4625,38.12875,459.5,石碶-雅渡
11.8,6.490000000000001,38.45325,459.55,石碶-雅渡
11.850000000000001,6.517500000000001,38.779125,459.6,石碶-雅渡
11.9,6.545000000000001,39.106375,459.65,石碶-雅渡
11.950000000000001,6.572500000000001,39.435,459.7,石碶-雅渡
12.0,6.6000000000000005,39.765,459.75,石碶-雅渡
12.05,6.627500000000001,40.096375,459.8,石碶-雅渡
12.100000000000001,6.655000000000001,40.429125,459.85,石碶-雅渡
12.15,6.682500000000001,40.76325,459.9,石碶-雅渡
12.200000000000001,6.710000000000001,41.09875,459.95,石碶-雅渡
12.25,6.737500000000001,41.435625,460.0,石碶-雅渡
12.3,6.765000000000001,41.773875000000004,460.05,石碶-雅渡
12.350000000000001,6.792500000000001,42.1135,460.1,石碶-雅渡
12.4,6.820000000000001,42.4545,460.15,石碶-雅渡
12.450000000000001,6.847500000000001,42.796875,460.2,石碶-雅渡
12.5,6.875000000000001,43.140625,460.25,石碶-雅渡
12.55,6.902500000000001,43.48575,460.3,石碶-雅渡
12.600000000000001,6.9300000000000015,43.83225,460.35,石碶-雅渡
12.65,6.9575000000000005,44.180125000000004,460.4,石碶-雅渡
12.700000000000001,6.985000000000001,44.529375,460.45,石碶-雅渡
12.75,7.0125,44.88,460.5,石碶-雅渡
12.8,7.040000000000001,45.232,460.55,石碶-雅渡
12.850000000000001,7.067500000000002,45.585375,460.6,石碶-雅渡
12.9,7.095000000000001,45.940125,460.65,石碶-雅渡
12.950000000000001,7.122500000000001,46.29625,460.7,石碶-雅渡
13.0,7.15,46.65375,460.75,石碶-雅渡
13.05,7.177500000000001,47.012625,460.8,石碶-雅渡
13.100000000000001,7.205000000000001,47.372875,460.85,石碶-雅渡
13.15,7.232500000000001,47.7345,460.9,石碶-雅渡
13.200000000000001,7.260000000000002,48.0975,460.95,石碶-雅渡
13.25,7.2875000000000005,48.461875,461.0,石碶-雅渡
13.3,7.315000000000001,48.827625,461.05,石碶-雅渡
13.350000000000001,7.342500000000001,49.19475,461.1,石碶-雅渡
13.4,7.370000000000001,49.56325,461.15,石碶-雅渡
13.450000000000001,7.397500000000001,49.933125,461.2,石碶-雅渡
13.5,7.425000000000001,50.304375,461.25,石碶-雅渡
13.55,7.452500000000001,50.677,461.3,石碶-雅渡
13.600000000000001,7.480000000000001,51.051,461.35,石碶-雅渡
13.65,7.507500000000001,51.426375,461.4,石碶-雅渡
13.700000000000001,7.535000000000001,51.803125,461.45,石碶-雅渡
13.75,7.562500000000001,52.18125,461.5,石碶-雅渡
13.8,7.590000000000001,52.56075,461.55,石碶-雅渡
13.850000000000001,7.6175000000000015,52.941625,461.6,石碶-雅渡
13.9,7.6450000000000005,53.323875,461.65,石碶-雅渡
13.950000000000001,7.672500000000001,53.7075,461.7,石碶-雅渡
14.0,7.700000000000001,54.0925,461.75,石碶-雅渡
14.05,7.727500000000001,54.478875,461.8,石碶-雅渡
14.100000000000001,7.755000000000002,54.866625,461.85,石碶-雅渡
14.15,7.782500000000001,55.25575,461.9,石碶-雅渡
14.200000000000001,7.810000000000001,55.64625,461.95,石碶-雅渡
14.25,7.8375,56.038125,462.0,石碶-雅渡
14.3,7.865000000000001,56.431375,462.05,石碶-雅渡
14.350000000000001,7.892500000000002,56.826,462.1,石碶-雅渡
14.4,7.920000000000001,57.222,462.15,石碶-雅渡
14.450000000000001,7.947500000000002,57.619375,462.2,石碶-雅渡
14.5,7.9750000000000005,58.018125,462.25,石碶-雅渡
14.55,8.002500000000001,58.41825,462.3,石碶-雅渡
14.600000000000001,8.030000000000001,58.81975,462.35,石碶-雅渡
14.65,8.057500000000001,59.222625,462.4,石碶-雅渡
14.700000000000001,8.085,59.626875,462.45,石碶-雅渡
14.75,8.1125,60.0325,462.5,石碶-雅渡
14.8,8.14,60.439499999999995,462.55,石碶-雅渡
14.850000000000001,8.167500000000002,60.847874999999995,462.6,石碶-雅渡
14.9,8.195,61.257625,462.65,石碶-雅渡
14.950000000000001,8.222500000000002,61.668749999999996,462.7,石碶-雅渡
15.0,8.25,62.08125,462.75,石碶-雅渡
15.05,8.277500000000002,62.495124999999994,462.8,石碶-雅渡
15.100000000000001,8.305000000000001,62.910374999999995,462.85,石碶-雅渡
15.15,8.332500000000001,63.327,462.9,石碶-雅渡
15.200000000000001,8.360000000000001,63.745,462.95,石碶-雅渡
15.25,8.387500000000001,64.16437499999999,463.0,石碶-雅渡
15.3,8.415000000000001,64.58512499999999,463.05,石碶-雅渡
15.350000000000001,8.4425,65.00724999999998,463.1,石碶-雅渡
15.4,8.47,65.43074999999999,463.15,石碶-雅渡
15.450000000000001,8.4975,65.85562499999999,463.2,石碶-雅渡
15.5,8.525,66.28187499999999,463.25,石碶-雅渡
15.55,8.5525,66.70949999999999,463.3,石碶-雅渡
15.600000000000001,8.580000000000002,67.1385,463.35,石碶-雅渡
15.65,8.607500000000002,67.56887499999999,463.4,石碶-雅渡
15.700000000000001,8.635000000000002,68.00062499999999,463.45,石碶-雅渡
15.75,8.662500000000001,68.43374999999999,463.5,石碶-雅渡
15.8,8.690000000000001,68.86824999999999,463.55,石碶-雅渡
15.850000000000001,8.717500000000001,69.30412499999998,463.6,石碶-雅渡
15.9,8.745000000000001,69.74137499999999,463.65,石碶-雅渡
15.950000000000001,8.7725,70.17999999999999,463.7,石碶-雅渡
16.0,8.8,70.61999999999999,463.75,石碶-雅渡
16.05,8.8275,71.06137499999998,463.8,石碶-雅渡
16.1,8.855000000000002,71.50412499999999,463.85,石碶-雅渡
16.150000000000002,8.882500000000002,71.94824999999999,463.9,石碶-雅渡
16.2,8.91,72.39374999999998,463.95,石碶-雅渡
16.25,8.9375,72.84062499999999,464.0,石碶-雅渡
16.3,8.965000000000002,73.28887499999999,464.05,石碶-雅渡
16.35,8.992500000000001,73.73849999999999,464.1,石碶-雅渡
16.400000000000002,9.020000000000001,74.18949999999998,464.15,石碶-雅渡
16.45,9.047500000000001,74.64187499999998,464.2,石碶-雅渡
16.5,9.075000000000001,75.09562499999998,464.25,石碶-雅渡
16.55,9.102500000000001,75.55074999999998,464.3,石碶-雅渡
16.6,9.13,76.00724999999998,464.35,石碶-雅渡
16.650000000000002,9.157500000000002,76.46512499999999,464.4,石碶-雅渡
16.7,9.185,76.92437499999998,464.45,石碶-雅渡
16.75,9.2125,77.38499999999998,464.5,石碶-雅渡
16.8,9.240000000000002,77.84699999999998,464.55,石碶-雅渡
16.85,9.267500000000002,78.31037499999998,464.6,石碶-雅渡
16.900000000000002,9.295000000000002,78.77512499999997,464.65,石碶-雅渡
16.95,9.3225,79.24124999999998,464.7,石碶-雅渡
17.0,9.350000000000001,79.70874999999998,464.75,石碶-雅渡
17.05,9.377500000000001,80.17762499999998,464.8,石碶-雅渡
17.1,9.405000000000001,80.64787499999997,464.85,石碶-雅渡
17.150000000000002,9.432500000000003,81.11949999999997,464.9,石碶-雅渡
17.2,9.46,81.59249999999997,464.95,石碶-雅渡
17.25,9.4875,82.06687499999997,465.0,石碶-雅渡
17.3,9.515,82.54262499999997,465.05,石碶-雅渡
17.35,9.542500000000002,83.01974999999997,465.1,石碶-雅渡
17.400000000000002,9.570000000000002,83.49824999999997,465.15,石碶-雅渡
17.45,9.5975,83.97812499999998,465.2,石碶-雅渡
17.5,9.625,84.45937499999998,465.25,石碶-雅渡
17.55,9.652500000000002,84.94199999999998,465.3,石碶-雅渡
17.6,9.680000000000001,85.42599999999997,465.35,石碶-雅渡
17.650000000000002,9.707500000000001,85.91137499999998,465.4,石碶-雅渡
17.7,9.735000000000001,86.39812499999998,465.45,石碶-雅渡
17.75,9.762500000000001,86.88624999999998,465.5,石碶-雅渡
17.8,9.790000000000001,87.37574999999998,465.55,石碶-雅渡
17.85,9.8175,87.86662499999998,465.6,石碶-雅渡
17.900000000000002,9.845000000000002,88.35887499999998,465.65,石碶-雅渡
17.95,9.8725,88.85249999999998,465.7,石碶-雅渡
18.0,9.9,89.34749999999998,465.75,石碶-雅渡
18.05,9.927500000000002,89.84387499999998,465.8,石碶-雅渡
18.1,9.955000000000002,90.34162499999998,465.85,石碶-雅渡
18.150000000000002,9.982500000000002,90.84074999999999,465.9,石碶-雅渡
18.2,10.01,91.34124999999999,465.95,石碶-雅渡
18.25,10.037500000000001,91.84312499999999,466.0,石碶-雅渡
18.3,10.065000000000001,92.34637499999998,466.05,石碶-雅渡
18.35,10.092500000000001,92.85099999999998,466.1,石碶-雅渡
18.400000000000002,10.120000000000003,93.35699999999999,466.15,石碶-雅渡
18.45,10.1475,93.86437499999998,466.2,石碶-雅渡
18.5,10.175,94.37312499999999,466.25,石碶-雅渡
18.55,10.2025,94.88324999999999,466.3,石碶-雅渡
18.6,10.230000000000002,95.39474999999999,466.35,石碶-雅渡
18.650000000000002,10.257500000000002,95.90762499999998,466.4,石碶-雅渡
18.7,10.285,96.42187499999999,466.45,石碶-雅渡
18.75,10.3125,96.93749999999999,466.5,石碶-雅渡
18.8,10.340000000000002,97.45449999999998,466.55,石碶-雅渡
18.85,10.367500000000001,97.97287499999999,466.6,石碶-雅渡
18.900000000000002,10.395000000000001,98.49262499999999,466.65,石碶-雅渡
18.95,10.422500000000001,99.01374999999999,466.7,石碶-雅渡
19.0,10.450000000000001,99.53624999999998,466.75,石碶-雅渡
19.05,10.477500000000001,100.06012499999999,466.8,石碶-雅渡
19.1,10.505,100.58537499999998,466.85,石碶-雅渡
19.150000000000002,10.532500000000002,101.11199999999998,466.9,石碶-雅渡
19.200000000000003,10.560000000000002,101.63999999999999,466.95,石碶-雅渡
19.25,10.5875,102.16937499999999,467.0,石碶-雅渡
19.3,10.615000000000002,102.70012499999999,467.05,石碶-雅渡
19.35,10.642500000000002,103.23224999999998,467.1,石碶-雅渡
19.400000000000002,10.670000000000002,103.76574999999998,467.15,石碶-雅渡
19.450000000000003,10.697500000000002,104.30062499999998,467.2,石碶-雅渡
19.5,10.725000000000001,104.83687499999998,467.25,石碶-雅渡
19.55,10.752500000000001,105.37449999999998,467.3,石碶-雅渡
19.6,10.780000000000001,105.91349999999998,467.35,石碶-雅渡
19.650000000000002,10.807500000000003,106.45387499999998,467.4,石碶-雅渡
19.700000000000003,10.835000000000003,106.99562499999998,467.45,石碶-雅渡
19.75,10.8625,107.53874999999998,467.5,石碶-雅渡
19.8,10.89,108.08324999999998,467.55,石碶-雅渡
19.85,10.917500000000002,108.62912499999997,467.6,石碶-雅渡
19.900000000000002,10.945000000000002,109.17637499999998,467.65,石碶-雅渡
19.950000000000003,10.972500000000002,109.72499999999998,467.7,石碶-雅渡
20.0,11.0,110.27499999999998,467.75,石碶-雅渡
20.05,11.027500000000002,110.82637499999997,467.8,石碶-雅渡
20.1,11.055000000000001,111.37912499999997,467.85,石碶-雅渡
20.150000000000002,11.082500000000001,111.93324999999997,467.9,石碶-雅渡
20.200000000000003,11.110000000000003,112.48874999999997,467.95,石碶-雅渡
20.25,11.137500000000001,113.04562499999997,468.0,石碶-雅渡
20.3,11.165000000000001,113.60387499999997,468.05,石碶-雅渡
20.35,11.192500000000003,114.16349999999997,468.1,石碶-雅渡
20.400000000000002,11.220000000000002,114.72449999999998,468.15,石碶-雅渡
20.450000000000003,11.247500000000002,115.28687499999998,468.2,石碶-雅渡
20.5,11.275,115.85062499999998,468.25,石碶-雅渡
20.55,11.302500000000002,116.41574999999997,468.3,石碶-雅渡
20.6,11.330000000000002,116.98224999999998,468.35,石碶-雅渡
20.650000000000002,11.357500000000002,117.55012499999998,468.4,石碶-雅渡
20.700000000000003,11.385000000000003,118.11937499999998,468.45,石碶-雅渡
20.75,11.412500000000001,118.68999999999998,468.5,石碶-雅渡
20.8,11.440000000000001,119.26199999999999,468.55,石碶-雅渡
20.85,11.467500000000001,119.83537499999998,468.6,石碶-雅渡
20.900000000000002,11.495000000000003,120.41012499999998,468.65,石碶-雅渡
20.950000000000003,11.522500000000003,120.98624999999998,468.7,石碶-雅渡
21.0,11.55,121.56374999999998,468.75,石碶-雅渡
21.05,11.5775,122.14262499999998,468.8,石碶-雅渡
21.1,11.605000000000002,122.72287499999999,468.85,石碶-雅渡
21.150000000000002,11.632500000000002,123.30449999999999,468.9,石碶-雅渡
21.200000000000003,11.660000000000002,123.88749999999999,468.95,石碶-雅渡
21.25,11.687500000000002,124.47187499999998,469.0,石碶-雅渡
21.3,11.715000000000002,125.05762499999999,469.05,石碶-雅渡
21.35,11.742500000000001,125.64474999999999,469.1,石碶-雅渡
21.400000000000002,11.770000000000001,126.23324999999998,469.15,石碶-雅渡
21.450000000000003,11.797500000000003,126.82312499999999,469.2,石碶-雅渡
21.5,11.825000000000001,127.41437499999999,469.25,石碶-雅渡
21.55,11.852500000000001,128.007,469.3,石碶-雅渡
21.6,11.880000000000003,128.601,469.35,石碶-雅渡
21.650000000000002,11.907500000000002,129.196375,469.4,石碶-雅渡
21.700000000000003,11.935000000000002,129.79312499999997,469.45,石碶-雅渡
21.75,11.9625,130.39124999999999,469.5,石碶-雅渡
21.8,11.990000000000002,130.99075,469.55,石碶-雅渡
21.85,12.017500000000002,131.591625,469.6,石碶-雅渡
21.900000000000002,12.045000000000002,132.193875,469.65,石碶-雅渡
21.950000000000003,12.072500000000003,132.79749999999999,469.7,石碶-雅渡
22.0,12.100000000000001,133.40249999999997,469.75,石碶-雅渡
22.05,12.127500000000001,134.008875,469.8,石碶-雅渡
22.1,12.155000000000001,134.616625,469.85,石碶-雅渡
22.150000000000002,12.182500000000003,135.22575,469.9,石碶-雅渡
22.200000000000003,12.210000000000003,135.83625,469.95,石碶-雅渡
22.25,12.2375,136.448125,470.0,石碶-雅渡
22.3,12.265,137.061375,470.05,石碶-雅渡
22.35,12.292500000000002,137.676,470.1,石碶-雅渡
22.400000000000002,12.320000000000002,138.292,470.15,石碶-雅渡
22.450000000000003,12.347500000000002,138.909375,470.2,石碶-雅渡
22.5,12.375000000000002,139.52812500000002,470.25,石碶-雅渡
22.55,12.402500000000002,140.14825000000002,470.3,石碶-雅渡
22.6,12.430000000000001,140.76975000000002,470.35,石碶-雅渡
22.650000000000002,12.457500000000001,141.392625,470.4,石碶-雅渡
22.700000000000003,12.485000000000003,142.016875,470.45,石碶-雅渡
22.75,12.51818181818182,142.6427840909091,470.5,石碶-雅渡
22.8,12.558181818181819,143.2706931818182,470.55,石碶-雅渡
22.85,12.59818181818182,143.90060227272727,470.6,石碶-雅渡
22.900000000000002,12.63818181818182,144.53251136363636,470.65,石碶-雅渡
22.950000000000003,12.678181818181821,145.16642045454546,470.7,石碶-雅渡
23.0,12.718181818181819,145.80232954545454,470.75,石碶-雅渡
23.05,12.75818181818182,146.44023863636363,470.8,石碶-雅渡
23.1,12.79818181818182,147.08014772727273,470.85,石碶-雅渡
23.150000000000002,12.83818181818182,147.7220568181818,470.9,石碶-雅渡
23.200000000000003,12.87818181818182,148.3659659090909,470.95,石碶-雅渡
23.25,12.918181818181818,149.011875,471.0,石碶-雅渡
23.3,12.958181818181819,149.65978409090908,471.05,石碶-雅渡
23.35,12.99818181818182,150.30969318181818,471.1,石碶-雅渡
23.400000000000002,13.03818181818182,150.96160227272728,471.15,石碶-雅渡
23.450000000000003,13.078181818181822,151.61551136363636,471.2,石碶-雅渡
23.5,13.118181818181819,152.27142045454545,471.25,石碶-雅渡
23.55,13.15818181818182,152.92932954545455,471.3,石碶-雅渡
23.6,13.19818181818182,153.58923863636363,471.35,石碶-雅渡
23.650000000000002,13.23818181818182,154.25114772727272,471.4,石碶-雅渡
23.700000000000003,13.278181818181821,154.91505681818182,471.45,石碶-雅渡
23.75,13.318181818181818,155.5809659090909,471.5,石碶-雅渡
23.8,13.35818181818182,156.248875,471.55,石碶-雅渡
23.85,13.39818181818182,156.9187840909091,471.6,石碶-雅渡
23.900000000000002,13.438181818181821,157.59069318181818,471.65,石碶-雅渡
23.950000000000003,13.47818181818182,158.26460227272727,471.7,石碶-雅渡
24.0,13.51818181818182,158.94051136363638,471.75,石碶-雅渡
24.05,13.558181818181819,159.61842045454546,471.8,石碶-雅渡
24.1,13.59818181818182,160.29832954545455,471.85,石碶-雅渡
24.150000000000002,13.63818181818182,160.98023863636365,471.9,石碶-雅渡
24.200000000000003,13.678181818181821,161.66414772727273,471.95,石碶-雅渡
24.25,13.718181818181819,162.35005681818183,472.0,石碶-雅渡
24.3,13.75818181818182,163.03796590909093,472.05,石碶-雅渡
24.35,13.79818181818182,163.727875,472.1,石碶-雅渡
24.400000000000002,13.83818181818182,164.4197840909091,472.15,石碶-雅渡
24.450000000000003,13.87818181818182,165.1136931818182,472.2,石碶-雅渡
24.5,13.918181818181818,165.8096022727273,472.25,石碶-雅渡
24.55,13.958181818181819,166.50751136363638,472.3,石碶-雅渡
24.6,13.99818181818182,167.20742045454548,472.35,石碶-雅渡
24.650000000000002,14.03818181818182,167.90932954545457,472.4,石碶-雅渡
24.700000000000003,14.078181818181822,168.61323863636366,472.45,石碶-雅渡
24.75,14.118181818181819,169.31914772727276,472.5,石碶-雅渡
24.8,14.15818181818182,170.02705681818185,472.55,石碶-雅渡
24.85,14.19818181818182,170.73696590909094,472.6,石碶-雅渡
24.900000000000002,14.23818181818182,171.44887500000004,472.65,石碶-雅渡
24.950000000000003,14.278181818181821,172.16278409090913,472.7,石碶-雅渡
25.0,14.318181818181818,172.87869318181822,472.75,石碶-雅渡
25.05,14.35818181818182,173.59660227272732,472.8,石碶-雅渡
25.1,14.39818181818182,174.3165113636364,472.85,石碶-雅渡
25.150000000000002,14.438181818181821,175.0384204545455,472.9,石碶-雅渡
25.200000000000003,14.47818181818182,175.7623295454546,472.95,石碶-雅渡
25.25,14.51818181818182,176.4882386363637,473.0,石碶-雅渡
25.3,14.558181818181819,177.21614772727278,473.05,石碶-雅渡
25.35,14.59818181818182,177.9460568181819,473.1,石碶-雅渡
25.400000000000002,14.63818181818182,178.67796590909097,473.15,石碶-雅渡
25.450000000000003,14.678181818181821,179.41187500000007,473.2,石碶-雅渡
25.5,14.718181818181819,180.14778409090917,473.25,石碶-雅渡
25.55,14.75818181818182,180.88569318181825,473.3,石碶-雅渡
25.6,14.79818181818182,181.62560227272735,473.35,石碶-雅渡
25.650000000000002,14.83818181818182,182.36751136363645,473.4,石碶-雅渡
25.700000000000003,14.87818181818182,183.11142045454554,473.45,石碶-雅渡
25.75,14.918181818181818,183.85732954545463,473.5,石碶-雅渡
25.8,14.958181818181819,184.60523863636374,473.55,石碶-雅渡
25.85,14.99818181818182,185.35514772727282,473.6,石碶-雅渡
25.900000000000002,15.03818181818182,186.10705681818192,473.65,石碶-雅渡
25.950000000000003,15.078181818181822,186.86096590909102,473.7,石碶-雅渡
26.0,15.118181818181819,187.6168750000001,473.75,石碶-雅渡
26.05,15.15818181818182,188.3747840909092,473.8,石碶-雅渡
26.1,15.19818181818182,189.1346931818183,473.85,石碶-雅渡
26.150000000000002,15.23818181818182,189.8966022727274,473.9,石碶-雅渡
26.200000000000003,15.278181818181821,190.6605113636365,473.95,石碶-雅渡
26.25,15.318181818181818,191.4264204545456,474.0,石碶-雅渡
26.3,15.35818181818182,192.19432954545468,474.05,石碶-雅渡
26.35,15.39818181818182,192.96423863636377,474.1,石碶-雅渡
26.400000000000002,15.438181818181821,193.73614772727288,474.15,石碶-雅渡
26.450000000000003,15.47818181818182,194.51005681818197,474.2,石碶-雅渡
26.5,15.51818181818182,195.28596590909106,474.25,石碶-雅渡
26.55,15.558181818181819,196.06387500000014,474.3,石碶-雅渡
26.6,15.59818181818182,196.84378409090922,474.35,石碶-雅渡
26.650000000000002,15.63818181818182,197.62569318181832,474.4,石碶-雅渡
26.700000000000003,15.678181818181821,198.4096022727274,474.45,石碶-雅渡
26.75,15.718181818181819,199.19551136363648,474.5,石碶-雅渡
26.8,15.75818181818182,199.98342045454558,474.55,石碶-雅渡
26.85,15.79818181818182,200.77332954545466,474.6,石碶-雅渡
26.900000000000002,15.83818181818182,201.56523863636374,474.65,石碶-雅渡
26.950000000000003,15.87818181818182,202.35914772727284,474.7,石碶-雅渡
27.0,15.918181818181818,203.15505681818192,474.75,石碶-雅渡
27.05,15.958181818181819,203.952965909091,474.8,石碶-雅渡
27.1,15.99818181818182,204.7528750000001,474.85,石碶-雅渡
27.150000000000002,16.03818181818182,205.55478409090918,474.9,石碶-雅渡
27.200000000000003,16.07818181818182,206.35869318181827,474.95,石碶-雅渡
27.25,16.118181818181817,207.16460227272736,475.0,石碶-雅渡
27.3,16.15818181818182,207.97251136363644,475.05,石碶-雅渡
27.35,16.19818181818182,208.78242045454553,475.1,石碶-雅渡
27.400000000000002,16.238181818181822,209.59432954545463,475.15,石碶-雅渡
27.450000000000003,16.27818181818182,210.4082386363637,475.2,石碶-雅渡
27.5,16.31818181818182,211.2241477272728,475.25,石碶-雅渡
27.55,16.35818181818182,212.0420568181819,475.3,石碶-雅渡
27.6,16.39818181818182,212.86196590909097,475.35,石碶-雅渡
27.650000000000002,16.43818181818182,213.68387500000006,475.4,石碶-雅渡
27.700000000000003,16.47818181818182,214.50778409090915,475.45,石碶-雅渡
27.75,16.51818181818182,215.33369318181823,475.5,石碶-雅渡
27.8,16.55818181818182,216.16160227272732,475.55,石碶-雅渡
27.85,16.59818181818182,216.99151136363642,475.6,石碶-雅渡
27.900000000000002,16.63818181818182,217.8234204545455,475.65,石碶-雅渡
27.950000000000003,16.67818181818182,218.6573295454546,475.7,石碶-雅渡
28.0,16.71818181818182,219.49323863636369,475.75,石碶-雅渡
28.05,16.758181818181818,220.33114772727276,475.8,石碶-雅渡
28.1,16.79818181818182,221.17105681818185,475.85,石碶-雅渡
28.150000000000002,16.83818181818182,222.01296590909095,475.9,石碶-雅渡
28.200000000000003,16.878181818181822,222.85687500000003,475.95,石碶-雅渡
28.25,16.918181818181818,223.70278409090912,476.0,石碶-雅渡
28.3,16.95818181818182,224.55069318181822,476.05,石碶-雅渡
28.35,16.99818181818182,225.4006022727273,476.1,石碶-雅渡
28.400000000000002,17.03818181818182,226.2525113636364,476.15,石碶-雅渡
28.450000000000003,17.07818181818182,227.10642045454549,476.2,石碶-雅渡
28.5,17.118181818181817,227.96232954545457,476.25,石碶-雅渡
28.55,17.15818181818182,228.82023863636365,476.3,石碶-雅渡
28.6,17.19818181818182,229.68014772727275,476.35,石碶-雅渡
28.650000000000002,17.238181818181822,230.54205681818183,476.4,石碶-雅渡
28.700000000000003,17.27818181818182,231.40596590909092,476.45,石碶-雅渡
28.75,17.31818181818182,232.27187500000002,476.5,石碶-雅渡
28.8,17.35818181818182,233.1397840909091,476.55,石碶-雅渡
28.85,17.39818181818182,234.0096931818182,476.6,石碶-雅渡
28.900000000000002,17.43818181818182,234.8816022727273,476.65,石碶-雅渡
28.950000000000003,17.47818181818182,235.75551136363637,476.7,石碶-雅渡
29.0,17.51818181818182,236.63142045454546,476.75,石碶-雅渡
29.05,17.55818181818182,237.50932954545456,476.8,石碶-雅渡
29.1,17.59818181818182,238.38923863636364,476.85,石碶-雅渡
29.150000000000002,17.63344257001063,239.27091076486417,476.9,石碶-雅渡
29.200000000000003,17.63344257001063,240.1525828933647,476.95,石碶-雅渡
29.25,17.63344257001063,241.03425502186522,477.0,石碶-雅渡
29.3,17.63344257001063,241.91592715036575,477.05,石碶-雅渡
29.35,17.63344257001063,242.79759927886627,477.1,石碶-雅渡
29.400000000000002,17.63344257001063,243.6792714073668,477.15,石碶-雅渡
29.450000000000003,17.63344257001063,244.56094353586732,477.2,石碶-雅渡
29.5,17.63344257001063,245.44261566436785,477.25,石碶-雅渡
29.55,17.63344257001063,246.32428779286838,477.3,石碶-雅渡
29.6,17.63344257001063,247.2059599213689,477.35,石碶-雅渡
29.650000000000002,17.63344257001063,248.08763204986943,477.4,石碶-雅渡
29.700000000000003,17.63344257001063,248.96930417836995,477.45,石碶-雅渡
29.75,17.63344257001063,249.85097630687048,477.5,石碶-雅渡
29.8,17.63344257001063,250.732648435371,477.55,石碶-雅渡
29.85,17.63344257001063,251.61432056387153,477.6,石碶-雅渡
29.900000000000002,17.63344257001063,252.49599269237206,477.65,石碶-雅渡
29.950000000000003,17.63344257001063,253.37766482087258,477.7,石碶-雅渡
30.0,17.63344257001063,254.2593369493731,477.75,石碶-雅渡
30.05,17.63344257001063,255.14100907787363,477.8,石碶-雅渡
30.1,17.63344257001063,256.02268120637416,477.85,石碶-雅渡
30.150000000000002,17.63344257001063,256.9043533348747,477.9,石碶-雅渡
30.200000000000003,17.63344257001063,257.78602546337527,477.95,石碶-雅渡
30.25,17.63344257001063,258.6676975918758,478.0,石碶-雅渡
30.3,17.63344257001063,259.5493697203764,478.05,石碶-雅渡
30.35,17.63344257001063,260.43104184887693,478.1,石碶-雅渡
30.400000000000002,17.63344257001063,261.3127139773775,478.15,石碶-雅渡
30.450000000000003,17.63344257001063,262.19438610587804,478.2,石碶-雅渡
30.5,17.63344257001063,263.0760582343786,478.25,石碶-雅渡
30.55,17.63344257001063,263.95773036287915,478.3,石碶-雅渡
30.6,17.63344257001063,264.8394024913797,478.35,石碶-雅渡
30.650000000000002,17.63344257001063,265.72107461988026,478.4,石碶-雅渡
30.700000000000003,17.63344257001063,266.6027467483808,478.45,石碶-雅渡
30.75,17.63344257001063,267.48441887688136,478.5,石碶-雅渡
30.8,17.63344257001063,268.3660910053819,478.55,石碶-雅渡
30.85,17.63344257001063,269.2477631338825,478.6,石碶-雅渡
30.900000000000002,17.63344257001063,270.129435262383,478.65,石碶-雅渡
30.950000000000003,17.63344257001063,271.0111073908836,478.7,石碶-雅渡
31.0,17.63344257001063,271.89277951938413,478.75,石碶-雅渡
31.05,17.63344257001063,272.7744516478847,478.8,石碶-雅渡
31.1,17.63344257001063,273.65612377638524,478.85,石碶-雅渡
31.150000000000002,17.63344257001063,274.5377959048858,478.9,石碶-雅渡
31.200000000000003,17.63344257001063,275.41946803338635,478.95,石碶-雅渡
31.25,17.63344257001063,276.3011401618869,479.0,石碶-雅渡
31.3,17.63344257001063,277.18281229038746,479.05,石碶-雅渡
31.35,17.63344257001063,278.064484418888,479.1,石碶-雅渡
31.400000000000002,17.63344257001063,278.94615654738857,479.15,石碶-雅渡
31.450000000000003,17.63344257001063,279.8278286758891,479.2,石碶-雅渡
31.5,17.63344257001063,280.7095008043897,479.25,石碶-雅渡
31.55,17.63344257001063,281.59117293289023,479.3,石碶-雅渡
31.6,17.63344257001063,282.4728450613908,479.35,石碶-雅渡
31.650000000000002,17.63344257001063,283.35451718989134,479.4,石碶-雅渡
31.700000000000003,17.63344257001063,284.2361893183919,479.45,石碶-雅渡
31.75,17.63344257001063,285.11786144689245,479.5,石碶-雅渡
31.8,17.63344257001063,285.999533575393,479.55,石碶-雅渡
31.85,17.63344257001063,286.88120570389356,479.6,石碶-雅渡
31.900000000000002,17.63344257001063,287.7628778323941,479.65,石碶-雅渡
31.950000000000003,17.63344257001063,288.64454996089466,479.7,石碶-雅渡
32.0,17.63344257001063,289.5262220893952,479.75,石碶-雅渡
32.050000000000004,17.63344257001063,290.4078942178958,479.8,石碶-雅渡
32.1,17.63344257001063,291.2895663463963,479.85,石碶-雅渡
32.15,17.63344257001063,292.1712384748969,479.9,石碶-雅渡
32.2,17.63344257001063,293.05291060339744,479.95,石碶-雅渡
32.25,17.63344257001063,293.934582731898,480.0,石碶-雅渡
32.300000000000004,17.63344257001063,294.81625486039854,480.05,石碶-雅渡
32.35,17.63344257001063,295.6979269888991,480.1,石碶-雅渡
32.4,17.63344257001063,296.57959911739965,480.15,石碶-雅渡
32.45,17.63344257001063,297.4612712459002,480.2,石碶-雅渡
32.5,17.63344257001063,298.34294337440076,480.25,石碶-雅渡
32.550000000000004,17.63344257001063,299.2246155029013,480.3,石碶-雅渡
32.6,17.63344257001063,300.10628763140187,480.35,石碶-雅渡
32.65,17.63344257001063,300.9879597599024,480.4,石碶-雅渡
32.7,17.63344257001063,301.869631888403,480.45,石碶-雅渡
32.75,17.63344257001063,302.75130401690353,480.5,石碶-雅渡
32.800000000000004,17.63344257001063,303.6329761454041,480.55,石碶-雅渡
32.85,17.63344257001063,304.51464827390464,480.6,石碶-雅渡
32.9,17.63344257001063,305.3963204024052,480.65,石碶-雅渡
32.95,17.63344257001063,306.27799253090575,480.7,石碶-雅渡
33.0,17.63344257001063,307.1596646594063,480.75,石碶-雅渡
33.050000000000004,17.63344257001063,308.04133678790686,480.8,石碶-雅渡
33.1,17.63344257001063,308.9230089164074,480.85,石碶-雅渡
33.15,17.63344257001063,309.80468104490797,480.9,石碶-雅渡
33.2,17.63344257001063,310.6863531734085,480.95,石碶-雅渡
33.25,17.63344257001063,311.5680253019091,481.0,石碶-雅渡
33.300000000000004,17.63344257001063,312.4496974304096,481.05,石碶-雅渡
33.35,17.63344257001063,313.3313695589102,481.1,石碶-雅渡
33.4,17.63344257001063,314.21304168741074,481.15,石碶-雅渡
33.45,17.63344257001063,315.0947138159113,481.2,石碶-雅渡
33.5,17.63344257001063,315.97638594441185,481.25,石碶-雅渡
33.550000000000004,17.63344257001063,316.8580580729124,481.3,石碶-雅渡
33.6,17.63344257001063,317.73973020141295,481.35,石碶-雅渡
33.65,17.63344257001063,318.6214023299135,481.4,石碶-雅渡
33.7,17.63344257001063,319.50307445841406,481.45,石碶-雅渡
33.75,17.63344257001063,320.3847465869146,481.5,石碶-雅渡
33.800000000000004,17.63344257001063,321.26641871541517,481.55,石碶-雅渡
33.85,17.63344257001063,322.1480908439157,481.6,石碶-雅渡
33.9,17.63344257001063,323.0297629724163,481.65,石碶-雅渡
33.95,17.63344257001063,323.91143510091683,481.7,石碶-雅渡
34.0,17.63344257001063,324.7931072294174,481.75,石碶-雅渡
34.050000000000004,17.63344257001063,325.67477935791794,481.8,石碶-雅渡
34.1,17.63344257001063,326.5564514864185,481.85,石碶-雅渡
34.15,17.63344257001063,327.43812361491905,481.9,石碶-雅渡
34.2,17.63344257001063,328.3197957434196,481.95,石碶-雅渡
34.25,17.63344257001063,329.20146787192016,482.0,石碶-雅渡
34.300000000000004,17.63344257001063,330.0831400004207,482.05,石碶-雅渡
34.35,17.63344257001063,330.96481212892127,482.1,石碶-雅渡
34.4,17.63344257001063,331.8464842574218,482.15,石碶-雅渡
34.45,17.63344257001063,332.7281563859224,482.2,石碶-雅渡
34.5,17.63344257001063,333.60982851442293,482.25,石碶-雅渡
34.550000000000004,17.63344257001063,334.4915006429235,482.3,石碶-雅渡
34.6,17.63344257001063,335.37317277142404,482.35,石碶-雅渡
34.65,17.63344257001063,336.2548448999246,482.4,石碶-雅渡
34.7,17.63344257001063,337.13651702842515,482.45,石碶-雅渡
34.75,17.63344257001063,338.0181891569257,482.5,石碶-雅渡
34.800000000000004,17.63344257001063,338.89986128542625,482.55,石碶-雅渡
34.85,17.63344257001063,339.7815334139268,482.6,石碶-雅渡
34.9,17.63344257001063,340.66320554242736,482.65,石碶-雅渡
34.95,17.63344257001063,341.5448776709279,482.7,石碶-雅渡
35.0,17.63344257001063,342.42654979942847,482.75,石碶-雅渡
35.050000000000004,17.63344257001063,343.308221927929,482.8,石碶-雅渡
35.1,17.63344257001063,344.1898940564296,482.85,石碶-雅渡
35.15,17.63344257001063,345.07156618493013,482.9,石碶-雅渡
35.2,17.63344257001063,345.9532383134307,482.95,石碶-雅渡
35.25,17.63344257001063,346.83491044193124,483.0,石碶-雅渡
35.300000000000004,17.63344257001063,347.7165825704318,483.05,石碶-雅渡
35.35,17.63344257001063,348.59825469893235,483.1,石碶-雅渡
35.4,17.63344257001063,349.4799268274329,483.15,石碶-雅渡
35.45,17.63344257001063,350.36159895593346,483.2,石碶-雅渡
35.5,17.63344257001063,351.243271084434,483.25,石碶-雅渡
35.550000000000004,17.63344257001063,352.12494321293457,483.3,石碶-雅渡
35.6,17.63344257001063,353.0066153414351,483.35,石碶-雅渡
35.65,17.63344257001063,353.8882874699357,483.4,石碶-雅渡
35.7,17.63344257001063,354.76995959843623,483.45,石碶-雅渡
35.75,17.63344257001063,355.6516317269368,483.5,石碶-雅渡
35.800000000000004,17.63344257001063,356.53330385543734,483.55,石碶-雅渡
35.85,17.63344257001063,357.4149759839379,483.6,石碶-雅渡
35.9,17.63344257001063,358.29664811243845,483.65,石碶-雅渡
35.95,17.63344257001063,359.178320240939,483.7,石碶-雅渡
36.0,17.63344257001063,360.05999236943956,483.75,石碶-雅渡
36.050000000000004,17.63344257001063,360.9416644979401,483.8,石碶-雅渡
36.1,17.63344257001063,361.82333662644066,483.85,石碶-雅渡
36.15,17.63344257001063,362.7050087549412,483.9,石碶-雅渡
36.2,17.63344257001063,363.5866808834418,483.95,石碶-雅渡
36.25,17.63344257001063,364.4683530119423,484.0,石碶-雅渡
36.300000000000004,17.63344257001063,365.3500251404429,484.05,石碶-雅渡
36.35,17.63344257001063,366.23169726894344,484.1,石碶-雅渡
36.4,17.63344257001063,367.113369397444,484.15,石碶-雅渡
36.45,17.63344257001063,367.99504152594454,484.2,石碶-雅渡
36.5,17.63344257001063,368.8767136544451,484.25,石碶-雅渡
36.550000000000004,17.63344257001063,369.75838578294565,484.3,石碶-雅渡
36.6,17.63344257001063,370.6400579114462,484.35,石碶-雅渡
36.65,17.63344257001063,371.52173003994676,484.4,石碶-雅渡
36.7,17.63344257001063,372.4034021684473,484.45,石碶-雅渡
36.75,17.63344257001063,373.28507429694787,484.5,石碶-雅渡
36.800000000000004,17.63344257001063,374.1667464254484,484.55,石碶-雅渡
36.85,17.63344257001063,375.048418553949,484.6,石碶-雅渡
36.9,17.63344257001063,375.93009068244953,484.65,石碶-雅渡
36.95,17.63344257001063,376.8117628109501,484.7,石碶-雅渡
37.0,17.63344257001063,377.69343493945064,484.75,石碶-雅渡
37.050000000000004,17.63344257001063,378.5751070679512,484.8,石碶-雅渡
37.1,17.63344257001063,379.45677919645175,484.85,石碶-雅渡
37.15,17.63344257001063,380.3384513249523,484.9,石碶-雅渡
37.2,17.63344257001063,381.22012345345286,484.95,石碶-雅渡
37.25,17.63344257001063,382.1017955819534,485.0,石碶-雅渡
37.300000000000004,17.63344257001063,382.98346771045397,485.05,石碶-雅渡
37.35,17.63344257001063,383.8651398389545,485.1,石碶-雅渡
37.4,17.63344257001063,384.7468119674551,485.15,石碶-雅渡
37.45,17.63344257001063,385.6284840959556,485.2,石碶-雅渡
37.5,17.63344257001063,386.5101562244562,485.25,石碶-雅渡
37.550000000000004,17.63344257001063,387.39182835295674,485.3,石碶-雅渡
37.6,17.63344257001063,388.2735004814573,485.35,石碶-雅渡
37.65,17.63344257001063,389.15517260995784,485.4,石碶-雅渡
37.7,17.63344257001063,390.0368447384584,485.45,石碶-雅渡
37.75,17.63344257001063,390.91851686695895,485.5,石碶-雅渡
37.800000000000004,17.63344257001063,391.8001889954595,485.55,石碶-雅渡
37.85,17.63344257001063,392.68186112396006,485.6,石碶-雅渡
37.9,17.63344257001063,393.5635332524606,485.65,石碶-雅渡
37.95,17.63344257001063,394.44520538096117,485.7,石碶-雅渡
38.0,17.63344257001063,395.3268775094617,485.75,石碶-雅渡
38.050000000000004,17.63344257001063,396.2085496379623,485.8,石碶-雅渡
38.1,17.63344257001063,397.09022176646283,485.85,石碶-雅渡
38.15,17.63344257001063,397.9718938949634,485.9,石碶-雅渡
38.2,17.63344257001063,398.85356602346394,485.95,石碶-雅渡
38.25,17.63344257001063,399.7352381519645,486.0,石碶-雅渡
38.300000000000004,17.63344257001063,400.61691028046505,486.05,石碶-雅渡
38.35,17.63344257001063,401.4985824089656,486.1,石碶-雅渡
38.400000000000006,17.63344257001063,402.38025453746616,486.15,石碶-雅渡
38.45,17.63344257001063,403.2619266659667,486.2,石碶-雅渡
38.5,17.63344257001063,404.14359879446727,486.25,石碶-雅渡
38.550000000000004,17.63344257001063,405.0252709229678,486.3,石碶-雅渡
38.6,17.63344257001063,405.9069430514684,486.35,石碶-雅渡
38.650000000000006,17.63344257001063,406.78861517996893,486.4,石碶-雅渡
38.7,17.63344257001063,407.6702873084695,486.45,石碶-雅渡
38.75,17.63344257001063,408.55195943697004,486.5,石碶-雅渡
38.800000000000004,17.63344257001063,409.4336315654706,486.55,石碶-雅渡
38.85,17.63344257001063,410.31530369397115,486.6,石碶-雅渡
38.900000000000006,17.63344257001063,411.1969758224717,486.65,石碶-雅渡
38.95,17.63344257001063,412.07864795097225,486.7,石碶-雅渡
39.0,17.63344257001063,412.9603200794728,486.75,石碶-雅渡
39.050000000000004,17.63344257001063,413.84199220797336,486.8,石碶-雅渡
39.1,17.63344257001063,414.7236643364739,486.85,石碶-雅渡
39.150000000000006,17.63344257001063,415.60533646497447,486.9,石碶-雅渡
39.2,17.63344257001063,416.487008593475,486.95,石碶-雅渡
39.25,17.63344257001063,417.3686807219756,487.0,石碶-雅渡
39.300000000000004,17.63344257001063,418.25035285047613,487.05,石碶-雅渡
39.35,17.63344257001063,419.1320249789767,487.1,石碶-雅渡
39.400000000000006,17.63344257001063,420.01369710747724,487.15,石碶-雅渡
39.45,17.63344257001063,420.8953692359778,487.2,石碶-雅渡
39.5,17.63344257001063,421.77704136447835,487.25,石碶-雅渡
39.550000000000004,17.63344257001063,422.6587134929789,487.3,石碶-雅渡
39.6,17.63344257001063,423.54038562147946,487.35,石碶-雅渡
39.650000000000006,17.63344257001063,424.42205774998,487.4,石碶-雅渡
39.7,17.63344257001063,425.30372987848057,487.45,石碶-雅渡
39.75,17.63344257001063,426.1854020069811,487.5,石碶-雅渡
39.800000000000004,17.63344257001063,427.0670741354817,487.55,石碶-雅渡
39.85,17.63344257001063,427.94874626398223,487.6,石碶-雅渡
39.900000000000006,17.63344257001063,428.8304183924828,487.65,石碶-雅渡
39.95,17.63344257001063,429.71209052098334,487.7,石碶-雅渡
40.0,17.63344257001063,430.5937626494839,487.75,石碶-雅渡
40.050000000000004,17.63344257001063,431.47543477798445,487.8,石碶-雅渡
40.1,17.63344257001063,432.357106906485,487.85,石碶-雅渡
40.150000000000006,17.63344257001063,433.23877903498555,487.9,石碶-雅渡
40.2,17.63344257001063,434.1204511634861,487.95,石碶-雅渡
40.25,17.63344257001063,435.00212329198666,488.0,石碶-雅渡
40.300000000000004,17.63344257001063,435.8837954204872,488.05,石碶-雅渡
40.35,17.63344257001063,436.7654675489878,488.1,石碶-雅渡
40.400000000000006,17.63344257001063,437.6471396774883,488.15,石碶-雅渡
40.45,17.63344257001063,438.5288118059889,488.2,石碶-雅渡
40.5,17.63344257001063,439.41048393448943,488.25,石碶-雅渡
40.550000000000004,17.63344257001063,440.29215606299,488.3,石碶-雅渡
40.6,17.63344257001063,441.17382819149054,488.35,石碶-雅渡
40.650000000000006,17.63344257001063,442.0555003199911,488.4,石碶-雅渡
40.7,17.63344257001063,442.93717244849165,488.45,石碶-雅渡
40.75,17.63344257001063,443.8188445769922,488.5,石碶-雅渡
40.800000000000004,17.63344257001063,444.70051670549276,488.55,石碶-雅渡
40.85,17.63344257001063,445.5821888339933,488.6,石碶-雅渡
40.900000000000006,17.63344257001063,446.46386096249387,488.65,石碶-雅渡
40.95,17.63344257001063,447.3455330909944,488.7,石碶-雅渡
41.0,17.63344257001063,448.227205219495,488.75,石碶-雅渡
41.050000000000004,17.63344257001063,449.10887734799553,488.8,石碶-雅渡
41.1,17.63344257001063,449.9905494764961,488.85,石碶-雅渡
41.150000000000006,17.63344257001063,450.87222160499664,488.9,石碶-雅渡
41.2,17.63344257001063,451.7538937334972,488.95,石碶-雅渡
41.25,17.63344257001063,452.63556586199775,489.0,石碶-雅渡
41.300000000000004,17.63344257001063,453.5172379904983,489.05,石碶-雅渡
41.35,17.63344257001063,454.39891011899886,489.1,石碶-雅渡
41.400000000000006,17.63344257001063,455.2805822474994,489.15,石碶-雅渡
41.45,17.63344257001063,456.16225437599996,489.2,石碶-雅渡
41.5,17.63344257001063,457.0439265045005,489.25,石碶-雅渡
41.550000000000004,17.63344257001063,457.9255986330011,489.3,石碶-雅渡
41.6,17.63344257001063,458.8072707615016,489.35,石碶-雅渡
41.650000000000006,17.63344257001063,459.6889428900022,489.4,石碶-雅渡
41.7,17.63344257001063,460.57061501850274,489.45,石碶-雅渡
41.75,17.63344257001063,461.4522871470033,489.5,石碶-雅渡
41.800000000000004,17.63344257001063,462.33395927550384,489.55,石碶-雅渡
41.85,17.63344257001063,463.2156314040044,489.6,石碶-雅渡
41.900000000000006,17.63344257001063,464.09730353250495,489.65,石碶-雅渡
41.95,17.63344257001063,464.9789756610055,489.7,石碶-雅渡
42.0,17.63344257001063,465.86064778950606,489.75,石碶-雅渡
42.050000000000004,17.63344257001063,466.7423199180066,489.8,石碶-雅渡
42.1,17.63344257001063,467.62399204650717,489.85,石碶-雅渡
42.150000000000006,17.63344257001063,468.5056641750077,489.9,石碶-雅渡
42.2,17.63344257001063,469.3873363035083,489.95,石碶-雅渡
42.25,17.63344257001063,470.26900843200883,490.0,石碶-雅渡
42.300000000000004,17.63344257001063,471.1506805605094,490.05,石碶-雅渡
42.35,17.63344257001063,472.03235268900994,490.1,石碶-雅渡
42.400000000000006,17.63344257001063,472.9140248175105,490.15,石碶-雅渡
42.45,17.63344257001063,473.79569694601105,490.2,石碶-雅渡
42.5,17.63344257001063,474.6773690745116,490.25,石碶-雅渡
42.550000000000004,17.63344257001063,475.55904120301216,490.3,石碶-雅渡
42.6,17.63344257001063,476.4407133315127,490.35,石碶-雅渡
42.650000000000006,17.63344257001063,477.32238546001327,490.4,石碶-雅渡
42.7,17.63344257001063,478.2040575885138,490.45,石碶-雅渡
42.75,17.63344257001063,479.0857297170144,490.5,石碶-雅渡
42.800000000000004,17.63344257001063,479.9674018455149,490.55,石碶-雅渡
42.85,17.63344257001063,480.8490739740155,490.6,石碶-雅渡
42.900000000000006,17.63344257001063,481.73074610251604,490.65,石碶-雅渡
42.95,17.63344257001063,482.6124182310166,490.7,石碶-雅渡
43.0,17.63344257001063,483.49409035951714,490.75,石碶-雅渡
43.050000000000004,17.63344257001063,484.3757624880177,490.8,石碶-雅渡
43.1,17.63344257001063,485.25743461651825,490.85,石碶-雅渡
43.150000000000006,17.63344257001063,486.1391067450188,490.9,石碶-雅渡
43.2,17.63344257001063,487.02077887351936,490.95,石碶-雅渡
43.25,17.63344257001063,487.9024510020199,491.0,石碶-雅渡
43.300000000000004,17.63344257001063,488.78412313052047,491.05,石碶-雅渡
43.35,17.63344257001063,489.665795259021,491.1,石碶-雅渡
43.400000000000006,17.63344257001063,490.5474673875216,491.15,石碶-雅渡
43.45,17.63344257001063,491.42913951602213,491.2,石碶-雅渡
43.5,17.63344257001063,492.3108116445227,491.25,石碶-雅渡
43.550000000000004,17.63344257001063,493.19248377302324,491.3,石碶-雅渡
43.6,17.63344257001063,494.0741559015238,491.35,石碶-雅渡
43.650000000000006,17.63344257001063,494.95582803002435,491.4,石碶-雅渡
43.7,17.63344257001063,495.8375001585249,491.45,石碶-雅渡
43.75,17.63344257001063,496.71917228702546,491.5,石碶-雅渡
43.800000000000004,17.63344257001063,497.600844415526,491.55,石碶-雅渡
43.85,17.63344257001063,498.48251654402657,491.6,石碶-雅渡
43.900000000000006,17.63344257001063,499.3641886725271,491.65,石碶-雅渡
43.95,17.63344257001063,500.2458608010277,491.7,石碶-雅渡
44.0,17.63344257001063,501.12753292952823,491.75,石碶-雅渡
44.050000000000004,17.63344257001063,502.0092050580288,491.8,石碶-雅渡
44.1,17.63344257001063,502.89087718652934,491.85,石碶-雅渡
44.150000000000006,17.63344257001063,503.7725493150299,491.9,石碶-雅渡
44.2,17.63344257001063,504.65422144353045,491.95,石碶-雅渡
44.25,17.63344257001063,505.535893572031,492.0,石碶-雅渡
44.300000000000004,17.63344257001063,506.41756570053155,492.05,石碶-雅渡
44.35,17.63344257001063,507.2992378290321,492.1,石碶-雅渡
44.400000000000006,17.63344257001063,508.18090995753266,492.15,石碶-雅渡
44.45,17.63344257001063,509.0625820860332,492.2,石碶-雅渡
44.5,17.63344257001063,509.94425421453377,492.25,石碶-雅渡
44.550000000000004,17.63344257001063,510.8259263430343,492.3,石碶-雅渡
44.6,17.63344257001063,511.7075984715349,492.35,石碶-雅渡
44.650000000000006,17.63344257001063,512.5892706000354,492.4,石碶-雅渡
44.7,17.63344257001063,513.470942728536,492.45,石碶-雅渡
44.75,17.63344257001063,514.3526148570365,492.5,石碶-雅渡
44.800000000000004,17.63344257001063,515.2342869855371,492.55,石碶-雅渡
44.85,17.63344257001063,516.1159591140377,492.6,石碶-雅渡
44.900000000000006,17.63344257001063,516.9976312425382,492.65,石碶-雅渡
44.95,17.63344257001063,517.8793033710388,492.7,石碶-雅渡
45.0,17.63344257001063,518.7609754995393,492.75,石碶-雅渡
45.050000000000004,17.63344257001063,519.6426476280399,492.8,石碶-雅渡
45.1,17.63344257001063,520.5243197565404,492.85,石碶-雅渡
45.150000000000006,17.63344257001063,521.405991885041,492.9,石碶-雅渡
45.2,17.63344257001063,522.2876640135415,492.95,石碶-雅渡
45.25,17.63344257001063,523.1693361420421,493.0,石碶-雅渡
45.300000000000004,17.63344257001063,524.0510082705426,493.05,石碶-雅渡
45.35,17.63344257001063,524.9326803990432,493.1,石碶-雅渡
45.400000000000006,17.63344257001063,525.8143525275437,493.15,石碶-雅渡
45.45,17.63344257001063,526.6960246560443,493.2,石碶-雅渡
45.5,17.63344257001063,527.5776967845449,493.25,石碶-雅渡
45.550000000000004,17.63344257001063,528.4593689130454,493.3,石碶-雅渡
45.6,17.625,529.3406189130454,493.35,石碶-雅渡
45.650000000000006,17.599999999999998,530.2206189130454,493.4,石碶-雅渡
45.7,17.575,531.0993689130454,493.45,石碶-雅渡
45.75,17.55,531.9768689130455,493.5,石碶-雅渡
45.800000000000004,17.525,532.8531189130455,493.55,石碶-雅渡
45.85,17.5,533.7281189130455,493.6,石碶-雅渡
45.900000000000006,17.474999999999998,534.6018689130455,493.65,石碶-雅渡
45.95,17.45,535.4743689130454,493.7,石碶-雅渡
46.0,17.425,536.3456189130454,493.75,石碶-雅渡
46.050000000000004,17.4,537.2156189130454,493.8,石碶-雅渡
46.1,17.375,538.0843689130454,493.85,石碶-雅渡
46.150000000000006,17.349999999999998,538.9518689130454,493.9,石碶-雅渡
46.2,17.325,539.8181189130454,493.95,石碶-雅渡
46.25,17.3,540.6831189130454,494.0,石碶-雅渡
46.300000000000004,17.275,541.5468689130454,494.05,石碶-雅渡
46.35,17.25,542.4093689130453,494.1,石碶-雅渡
46.400000000000006,17.224999999999998,543.2706189130454,494.15,石碶-雅渡
46.45,17.2,544.1306189130454,494.2,石碶-雅渡
46.5,17.175,544.9893689130454,494.25,石碶-雅渡
46.550000000000004,17.15,545.8468689130453,494.3,石碶-雅渡
46.6,17.125,546.7031189130454,494.35,石碶-雅渡
46.650000000000006,17.099999999999998,547.5581189130454,494.4,石碶-雅渡
46.7,17.075,548.4118689130454,494.45,石碶-雅渡
46.75,17.05,549.2643689130454,494.5,石碶-雅渡
46.800000000000004,17.025,550.1156189130454,494.55,石碶-雅渡
46.85,17.0,550.9656189130454,494.6,石碶-雅渡
46.900000000000006,16.974999999999998,551.8143689130454,494.65,石碶-雅渡
46.95,16.95,552.6618689130454,494.7,石碶-雅渡
47.0,16.925,553.5081189130455,494.75,石碶-雅渡
47.050000000000004,16.9,554.3531189130455,494.8,石碶-雅渡
47.1,16.875,555.1968689130455,494.85,石碶-雅渡
47.150000000000006,16.849999999999998,556.0393689130455,494.9,石碶-雅渡
47.2,16.825,556.8806189130454,494.95,石碶-雅渡
47.25,16.8,557.7206189130454,495.0,石碶-雅渡
47.300000000000004,16.775,558.5593689130454,495.05,石碶-雅渡
47.35,16.75,559.3968689130454,495.1,石碶-雅渡
47.400000000000006,16.724999999999998,560.2331189130454,495.15,石碶-雅渡
47.45,16.7,561.0681189130454,495.2,石碶-雅渡
47.5,16.675,561.9018689130454,495.25,石碶-雅渡
47.550000000000004,16.65,562.7343689130454,495.3,石碶-雅渡
47.6,16.625,563.5656189130453,495.35,石碶-雅渡
47.650000000000006,16.599999999999998,564.3956189130454,495.4,石碶-雅渡
47.7,16.575,565.2243689130454,495.45,石碶-雅渡
47.75,16.55,566.0518689130454,495.5,石碶-雅渡
47.800000000000004,16.525,566.8781189130453,495.55,石碶-雅渡
47.85,16.5,567.7031189130454,495.6,石碶-雅渡
47.900000000000006,16.474999999999998,568.5268689130454,495.65,石碶-雅渡
47.95,16.45,569.3493689130454,495.7,石碶-雅渡
48.0,16.425,570.1706189130454,495.75,石碶-雅渡
48.050000000000004,16.4,570.9906189130454,495.8,石碶-雅渡
48.1,16.375,571.8093689130454,495.85,石碶-雅渡
48.150000000000006,16.349999999999998,572.6268689130454,495.9,石碶-雅渡
48.2,16.325,573.4431189130454,495.95,石碶-雅渡
48.25,16.3,574.2581189130455,496.0,石碶-雅渡
48.300000000000004,16.275,575.0718689130455,496.05,石碶-雅渡
48.35,16.25,575.8843689130455,496.1,石碶-雅渡
48.400000000000006,16.224999999999998,576.6956189130455,496.15,石碶-雅渡
48.45,16.2,577.5056189130454,496.2,石碶-雅渡
48.5,16.175,578.3143689130454,496.25,石碶-雅渡
48.550000000000004,16.15,579.1218689130454,496.3,石碶-雅渡
48.6,16.125,579.9281189130454,496.35,石碶-雅渡
48.650000000000006,16.099999999999998,580.7331189130454,496.4,石碶-雅渡
48.7,16.075,581.5368689130454,496.45,石碶-雅渡
48.75,16.05,582.3393689130454,496.5,石碶-雅渡
48.800000000000004,16.025,583.1406189130454,496.55,石碶-雅渡
48.85,16.0,583.9406189130453,496.6,石碶-雅渡
48.900000000000006,15.974999999999998,584.7393689130454,496.65,石碶-雅渡
48.95,15.95,585.5368689130454,496.7,石碶-雅渡
49.0,15.925,586.3331189130454,496.75,石碶-雅渡
49.050000000000004,15.899999999999999,587.1281189130453,496.8,石碶-雅渡
49.1,15.875,587.9218689130454,496.85,石碶-雅渡
49.150000000000006,15.849999999999998,588.7143689130454,496.9,石碶-雅渡
49.2,15.825,589.5056189130454,496.95,石碶-雅渡
49.25,15.8,590.2956189130454,497.0,石碶-雅渡
49.300000000000004,15.774999999999999,591.0843689130454,497.05,石碶-雅渡
49.35,15.75,591.8718689130454,497.1,石碶-雅渡
49.400000000000006,15.724999999999998,592.6581189130454,497.15,石碶-雅渡
49.45,15.7,593.4431189130454,497.2,石碶-雅渡
49.5,15.675,594.2268689130455,497.25,石碶-雅渡
49.550000000000004,15.649999999999999,595.0093689130455,497.3,石碶-雅渡
49.6,15.625,595.7906189130455,497.35,石碶-雅渡
49.650000000000006,15.599999999999998,596.5706189130455,497.4,石碶-雅渡
49.7,15.575,597.3493689130454,497.45,石碶-雅渡
49.75,15.55,598.1268689130454,497.5,石碶-雅渡
49.800000000000004,15.524999999999999,598.9031189130454,497.55,石碶-雅渡
49.85,15.5,599.6781189130454,497.6,石碶-雅渡
49.900000000000006,15.474999999999998,600.4518689130454,497.65,石碶-雅渡
49.95,15.45,601.2243689130454,497.7,石碶-雅渡
50.0,15.425,601.9956189130454,497.75,石碶-雅渡
50.050000000000004,15.399999999999999,602.7656189130454,497.8,石碶-雅渡
50.1,15.375,603.5343689130453,497.85,石碶-雅渡
50.150000000000006,15.349999999999998,604.3018689130454,497.9,石碶-雅渡
50.2,15.325,605.0681189130454,497.95,石碶-雅渡
50.25,15.3,605.8331189130454,498.0,石碶-雅渡
50.300000000000004,15.274999999999999,606.5968689130453,498.05,石碶-雅渡
50.35,15.25,607.3593689130454,498.1,石碶-雅渡
50.400000000000006,15.224999999999998,608.1206189130454,498.15,石碶-雅渡
50.45,15.2,608.8806189130454,498.2,石碶-雅渡
50.5,15.175,609.6393689130454,498.25,石碶-雅渡
50.550000000000004,15.149999999999999,610.3968689130454,498.3,石碶-雅渡
50.6,15.125,611.1531189130454,498.35,石碶-雅渡
50.650000000000006,15.099999999999998,611.9081189130454,498.4,石碶-雅渡
50.7,15.075,612.6618689130454,498.45,石碶-雅渡
50.75,15.05,613.4143689130455,498.5,石碶-雅渡
50.800000000000004,15.024999999999999,614.1656189130455,498.55,石碶-雅渡
50.85,15.0,614.9156189130455,498.6,石碶-雅渡
50.900000000000006,14.974999999999998,615.6643689130455,498.65,石碶-雅渡
50.95,14.95,616.4118689130454,498.7,石碶-雅渡
51.0,14.925,617.1581189130454,498.75,石碶-雅渡
51.050000000000004,14.899999999999999,617.9031189130454,498.8,石碶-雅渡
51.1,14.875,618.6468689130454,498.85,石碶-雅渡
51.150000000000006,14.849999999999998,619.3893689130454,498.9,石碶-雅渡
51.2,14.825,620.1306189130454,498.95,石碶-雅渡
51.25,14.8,620.8706189130454,499.0,石碶-雅渡
51.300000000000004,14.774999999999999,621.6093689130454,499.05,石碶-雅渡
51.35,14.75,622.3468689130453,499.1,石碶-雅渡
51.400000000000006,14.724999999999998,623.0831189130454,499.15,石碶-雅渡
51.45,14.7,623.8181189130454,499.2,石碶-雅渡
51.5,14.675,624.5518689130454,499.25,石碶-雅渡
51.550000000000004,14.649999999999999,625.2843689130453,499.3,石碶-雅渡
51.6,14.625,626.0156189130454,499.35,石碶-雅渡
51.650000000000006,14.599999999999998,626.7456189130454,499.4,石碶-雅渡
51.7,14.575,627.4743689130454,499.45,石碶-雅渡
51.75,14.55,628.2018689130454,499.5,石碶-雅渡
51.800000000000004,14.524999999999999,628.9281189130454,499.55,石碶-雅渡
51.85,14.5,629.6531189130454,499.6,石碶-雅渡
51.900000000000006,14.474999999999998,630.3768689130454,499.65,石碶-雅渡
51.95,14.45,631.0993689130454,499.7,石碶-雅渡
52.0,14.425,631.8206189130455,499.75,石碶-雅渡
52.050000000000004,14.399999999999999,632.5406189130455,499.8,石碶-雅渡
52.1,14.375,633.2593689130455,499.85,石碶-雅渡
52.150000000000006,14.349999999999998,633.9768689130455,499.9,石碶-雅渡
52.2,14.325,634.6931189130454,499.95,石碶-雅渡
52.25,14.3,635.4081189130454,500.0,石碶-雅渡
52.300000000000004,14.274999999999999,636.1218689130454,500.05,石碶-雅渡
52.35,14.25,636.8343689130454,500.1,石碶-雅渡
52.400000000000006,14.224999999999998,637.5456189130454,500.15,石碶-雅渡
52.45,14.2,638.2556189130454,500.2,石碶-雅渡
52.5,14.175,638.9643689130454,500.25,石碶-雅渡
52.550000000000004,14.149999999999999,639.6718689130454,500.3,石碶-雅渡
52.6,14.125,640.3781189130453,500.35,石碶-雅渡
52.650000000000006,14.099999999999998,641.0831189130454,500.4,石碶-雅渡
52.7,14.075,641.7868689130454,500.45,石碶-雅渡
52.75,14.05,642.4893689130454,500.5,石碶-雅渡
52.800000000000004,14.024999999999999,643.1906189130453,500.55,石碶-雅渡
52.85,14.0,643.8906189130454,500.6,石碶-雅渡
52.900000000000006,13.974999999999998,644.5893689130454,500.65,石碶-雅渡
52.95,13.95,645.2868689130454,500.7,石碶-雅渡
53.0,13.925,645.9831189130454,500.75,石碶-雅渡
53.050000000000004,13.899999999999999,646.6781189130454,500.8,石碶-雅渡
53.1,13.875,647.3718689130454,500.85,石碶-雅渡
53.150000000000006,13.849999999999998,648.0643689130454,500.9,石碶-雅渡
53.2,13.825,648.7556189130454,500.95,石碶-雅渡
53.25,13.8,649.4456189130455,501.0,石碶-雅渡
53.300000000000004,13.774999999999999,650.1343689130455,501.05,石碶-雅渡
53.35,13.75,650.8218689130455,501.1,石碶-雅渡
53.400000000000006,13.724999999999998,651.5081189130455,501.15,石碶-雅渡
53.45,13.7,652.1931189130454,501.2,石碶-雅渡
53.5,13.675,652.8768689130454,501.25,石碶-雅渡
53.550000000000004,13.649999999999999,653.5593689130454,501.3,石碶-雅渡
53.6,13.625,654.2406189130454,501.35,石碶-雅渡
53.650000000000006,13.599999999999998,654.9206189130454,501.4,石碶-雅渡
53.7,13.575,655.5993689130454,501.45,石碶-雅渡
53.75,13.55,656.2768689130454,501.5,石碶-雅渡
53.800000000000004,13.524999999999999,656.9531189130454,501.55,石碶-雅渡
53.85,13.5,657.6281189130453,501.6,石碶-雅渡
53.900000000000006,13.474999999999998,658.3018689130454,501.65,石碶-雅渡
53.95,13.45,658.9743689130454,501.7,石碶-雅渡
54.0,13.425,659.6456189130454,501.75,石碶-雅渡
54.050000000000004,13.399999999999999,660.3156189130453,501.8,石碶-雅渡
54.1,13.375,660.9843689130454,501.85,石碶-雅渡
54.150000000000006,13.349999999999998,661.6518689130454,501.9,石碶-雅渡
54.2,13.325,662.3181189130454,501.95,石碶-雅渡
54.25,13.3,662.9831189130454,502.0,石碶-雅渡
54.300000000000004,13.274999999999999,663.6468689130454,502.05,石碶-雅渡
54.35,13.25,664.3093689130454,502.1,石碶-雅渡
54.400000000000006,13.224999999999998,664.9706189130454,502.15,石碶-雅渡
54.45,13.2,665.6306189130454,502.2,石碶-雅渡
54.5,13.175,666.2893689130455,502.25,石碶-雅渡
54.550000000000004,13.149999999999999,666.9468689130455,502.3,石碶-雅渡
54.6,13.125,667.6031189130455,502.35,石碶-雅渡
54.650000000000006,13.099999999999998,668.2581189130455,502.4,石碶-雅渡
54.7,13.075,668.9118689130454,502.45,石碶-雅渡
54.75,13.05,669.5643689130454,502.5,石碶-雅渡
54.800000000000004,13.024999999999999,670.2156189130454,502.55,石碶-雅渡
54.85,13.0,670.8656189130454,502.6,石碶-雅渡
54.900000000000006,12.974999999999998,671.5143689130454,502.65,石碶-雅渡
54.95,12.95,672.1618689130454,502.7,石碶-雅渡
55.0,12.925,672.8081189130454,502.75,石碶-雅渡
55.050000000000004,12.899999999999999,673.4531189130454,502.8,石碶-雅渡
55.1,12.875,674.0968689130453,502.85,石碶-雅渡
55.150000000000006,12.849999999999998,674.7393689130454,502.9,石碶-雅渡
55.2,12.825,675.3806189130454,502.95,石碶-雅渡
55.25,12.8,676.0206189130454,503.0,石碶-雅渡
55.300000000000004,12.774999999999999,676.6593689130453,503.05,石碶-雅渡
55.35,12.75,677.2968689130454,503.1,石碶-雅渡
55.400000000000006,12.724999999999998,677.9331189130454,503.15,石碶-雅渡
55.45,12.7,678.5681189130454,503.2,石碶-雅渡
55.5,12.675,679.2018689130454,503.25,石碶-雅渡
55.550000000000004,12.649999999999999,679.8343689130454,503.3,石碶-雅渡
55.6,12.625,680.4656189130454,503.35,石碶-雅渡
55.650000000000006,12.599999999999998,681.0956189130454,503.4,石碶-雅渡
55.7,12.575,681.7243689130454,503.45,石碶-雅渡
55.75,12.55,682.3518689130455,503.5,石碶-雅渡
55.800000000000004,12.524999999999999,682.9781189130455,503.55,石碶-雅渡
55.85,12.5,683.6031189130455,503.6,石碶-雅渡
55.900000000000006,12.474999999999998,684.2268689130455,503.65,石碶-雅渡
55.95,12.45,684.8493689130454,503.7,石碶-雅渡
56.0,12.425,685.4706189130454,503.75,石碶-雅渡
56.050000000000004,12.399999999999999,686.0906189130454,503.8,石碶-雅渡
56.1,12.375,686.7093689130454,503.85,石碶-雅渡
56.150000000000006,12.349999999999998,687.3268689130454,503.9,石碶-雅渡
56.2,12.325,687.9431189130454,503.95,石碶-雅渡
56.25,12.3,688.5581189130454,504.0,石碶-雅渡
56.300000000000004,12.274999999999999,689.1718689130454,504.05,石碶-雅渡
56.35,12.25,689.7843689130453,504.1,石碶-雅渡
56.400000000000006,12.224999999999998,690.3956189130454,504.15,石碶-雅渡
56.45,12.2,691.0056189130454,504.2,石碶-雅渡
56.5,12.175,691.6143689130454,504.25,石碶-雅渡
56.550000000000004,12.149999999999999,692.2218689130453,504.3,石碶-雅渡
56.6,12.125,692.8281189130454,504.35,石碶-雅渡
56.650000000000006,12.099999999999998,693.4331189130454,504.4,石碶-雅渡
56.7,12.075,694.0368689130454,504.45,石碶-雅渡
56.75,12.05,694.6393689130454,504.5,石碶-雅渡
56.800000000000004,12.024999999999999,695.2406189130454,504.55,石碶-雅渡
56.85,12.0,695.8406189130454,504.6,石碶-雅渡
56.900000000000006,11.974999999999998,696.4393689130454,504.65,石碶-雅渡
56.95,11.95,697.0368689130454,504.7,石碶-雅渡
57.0,11.925,697.6331189130455,504.75,石碶-雅渡
57.050000000000004,11.899999999999999,698.2281189130455,504.8,石碶-雅渡
57.1,11.875,698.8218689130455,504.85,石碶-雅渡
57.150000000000006,11.849999999999998,699.4143689130455,504.9,石碶-雅渡
57.2,11.825,700.0056189130454,504.95,石碶-雅渡
57.25,11.8,700.5956189130454,505.0,石碶-雅渡
57.300000000000004,11.774999999999999,701.1843689130454,505.05,石碶-雅渡
57.35,11.75,701.7718689130454,505.1,石碶-雅渡
57.400000000000006,11.724999999999998,702.3581189130454,505.15,石碶-雅渡
57.45,11.7,702.9431189130454,505.2,石碶-雅渡
57.5,11.675,703.5268689130454,505.25,石碶-雅渡
57.550000000000004,11.649999999999999,704.1093689130454,505.3,石碶-雅渡
57.6,11.625,704.6906189130453,505.35,石碶-雅渡
57.650000000000006,11.599999999999998,705.2706189130454,505.4,石碶-雅渡
57.7,11.575,705.8493689130454,505.45,石碶-雅渡
57.75,11.55,706.4268689130454,505.5,石碶-雅渡
57.800000000000004,11.524999999999999,707.0031189130453,505.55,石碶-雅渡
57.85,11.5,707.5781189130454,505.6,石碶-雅渡
57.900000000000006,11.474999999999998,708.1518689130454,505.65,石碶-雅渡
57.95,11.45,708.7243689130454,505.7,石碶-雅渡
58.0,11.425,709.2956189130454,505.75,石碶-雅渡
58.050000000000004,11.399999999999999,709.8656189130454,505.8,石碶-雅渡
58.1,11.375,710.4343689130454,505.85,石碶-雅渡
58.150000000000006,11.349999999999998,711.0018689130454,505.9,石碶-雅渡
58.2,11.325,711.5681189130454,505.95,石碶-雅渡
58.25,11.3,712.1331189130455,506.0,石碶-雅渡
58.300000000000004,11.274999999999999,712.6968689130455,506.05,石碶-雅渡
58.35,11.25,713.2593689130455,506.1,石碶-雅渡
58.400000000000006,11.224999999999998,713.8206189130455,506.15,石碶-雅渡
58.45,11.2,714.3806189130454,506.2,石碶-雅渡
58.5,11.175,714.9393689130454,506.25,石碶-雅渡
58.550000000000004,11.149999999999999,715.4968689130454,506.3,石碶-雅渡
58.6,11.125,716.0531189130454,506.35,石碶-雅渡
58.650000000000006,11.099999999999998,716.6081189130454,506.4,石碶-雅渡
58.7,11.075,717.1618689130454,506.45,石碶-雅渡
58.75,11.05,717.7143689130454,506.5,石碶-雅渡
58.800000000000004,11.024999999999999,718.2656189130454,506.55,石碶-雅渡
58.85,11.0,718.8156189130453,506.6,石碶-雅渡
58.900000000000006,10.974999999999998,719.3643689130454,506.65,石碶-雅渡
58.95,10.95,719.9118689130454,506.7,石碶-雅渡
59.0,10.925,720.4581189130454,506.75,石碶-雅渡
59.050000000000004,10.899999999999999,721.0031189130453,506.8,石碶-雅渡
59.1,10.875,721.5468689130454,506.85,石碶-雅渡
59.150000000000006,10.849999999999998,722.0893689130454,506.9,石碶-雅渡
59.2,10.825,722.6306189130454,506.95,石碶-雅渡
59.25,10.8,723.1706189130454,507.0,石碶-雅渡
59.300000000000004,10.774999999999999,723.7093689130454,507.05,石碶-雅渡
59.35,10.75,724.2468689130454,507.1,石碶-雅渡
59.400000000000006,10.724999999999998,724.7831189130454,507.15,石碶-雅渡
59.45,10.7,725.3181189130454,507.2,石碶-雅渡
59.5,10.675,725.8518689130455,507.25,石碶-雅渡
59.550000000000004,10.649999999999999,726.3843689130455,507.3,石碶-雅渡
59.6,10.625,726.9156189130455,507.35,石碶-雅渡
59.650000000000006,10.599999999999998,727.4456189130455,507.4,石碶-雅渡
59.7,10.575,727.9743689130454,507.45,石碶-雅渡
59.75,10.55,728.5018689130454,507.5,石碶-雅渡
59.800000000000004,10.524999999999999,729.0281189130454,507.55,石碶-雅渡
59.85,10.5,729.5531189130454,507.6,石碶-雅渡
59.900000000000006,10.474999999999998,730.0768689130454,507.65,石碶-雅渡
59.95,10.45,730.5993689130454,507.7,石碶-雅渡
60.0,10.425,731.1206189130454,507.75,石碶-雅渡
60.050000000000004,10.399999999999999,731.6406189130454,507.8,石碶-雅渡
60.1,10.375,732.1593689130453,507.85,石碶-雅渡
60.150000000000006,10.349999999999998,732.6768689130454,507.9,石碶-雅渡
60.2,10.325,733.1931189130454,507.95,石碶-雅渡
60.25,10.3,733.7081189130454,508.0,石碶-雅渡
60.300000000000004,10.274999999999999,734.2218689130453,508.05,石碶-雅渡
60.35,10.25,734.7343689130454,508.1,石碶-雅渡
60.400000000000006,10.224999999999998,735.2456189130454,508.15,石碶-雅渡
60.45,10.2,735.7556189130454,508.2,石碶-雅渡
60.5,10.175,736.2643689130454,508.25,石碶-雅渡
60.550000000000004,10.149999999999999,736.7718689130454,508.3,石碶-雅渡
60.6,10.125,737.2781189130454,508.35,石碶-雅渡
60.650000000000006,10.099999999999998,737.7831189130454,508.4,石碶-雅渡
60.7,10.075,738.2868689130454,508.45,石碶-雅渡
60.75,10.05,738.7893689130455,508.5,石碶-雅渡
60.800000000000004,10.024999999999999,739.2906189130455,508.55,石碶-雅渡
60.85,10.0,739.7906189130455,508.6,石碶-雅渡
60.900000000000006,9.974999999999998,740.2893689130455,508.65,石碶-雅渡
60.95,9.95,740.7868689130454,508.7,石碶-雅渡
61.0,9.925,741.2831189130454,508.75,石碶-雅渡
61.050000000000004,9.899999999999999,741.7781189130454,508.8,石碶-雅渡
61.1,9.875,742.2718689130454,508.85,石碶-雅渡
61.150000000000006,9.849999999999998,742.7643689130454,508.9,石碶-雅渡
61.2,9.825,743.2556189130454,508.95,石碶-雅渡
61.25,9.8,743.7456189130454,509.0,石碶-雅渡
61.300000000000004,9.774999999999999,744.2343689130454,509.05,石碶-雅渡
61.35,9.75,744.7218689130453,509.1,石碶-雅渡
61.400000000000006,9.724999999999998,745.2081189130454,509.15,石碶-雅渡
61.45,9.7,745.6931189130454,509.2,石碶-雅渡
61.5,9.675,746.1768689130454,509.25,石碶-雅渡
61.550000000000004,9.649999999999999,746.6593689130453,509.3,石碶-雅渡
61.6,9.625,747.1406189130454,509.35,石碶-雅渡
61.650000000000006,9.599999999999998,747.6206189130454,509.4,石碶-雅渡
61.7,9.575,748.0993689130454,509.45,石碶-雅渡
61.75,9.55,748.5768689130454,509.5,石碶-雅渡
61.800000000000004,9.524999999999999,749.0531189130454,509.55,石碶-雅渡
61.85,9.5,749.5281189130454,509.6,石碶-雅渡
61.900000000000006,9.474999999999998,750.0018689130454,509.65,石碶-雅渡
61.95,9.45,750.4743689130454,509.7,石碶-雅渡
62.0,9.425,750.9456189130455,509.75,石碶-雅渡
62.050000000000004,9.399999999999999,751.4156189130455,509.8,石碶-雅渡
62.1,9.375,751.8843689130455,509.85,石碶-雅渡
62.150000000000006,9.349999999999998,752.3518689130455,509.9,石碶-雅渡
62.2,9.325,752.8181189130454,509.95,石碶-雅渡
62.25,9.3,753.2831189130454,510.0,石碶-雅渡
62.300000000000004,9.274999999999999,753.7468689130454,510.05,石碶-雅渡
62.35,9.25,754.2093689130454,510.1,石碶-雅渡
62.400000000000006,9.224999999999998,754.6706189130454,510.15,石碶-雅渡
62.45,9.2,755.1306189130454,510.2,石碶-雅渡
62.5,9.175,755.5893689130454,510.25,石碶-雅渡
62.550000000000004,9.149999999999999,756.0468689130454,510.3,石碶-雅渡
62.6,9.125,756.5031189130453,510.35,石碶-雅渡
62.650000000000006,9.099999999999998,756.9581189130454,510.4,石碶-雅渡
62.7,9.075,757.4118689130454,510.45,石碶-雅渡
62.75,9.05,757.8643689130454,510.5,石碶-雅渡
62.800000000000004,9.024999999999999,758.3156189130453,510.55,石碶-雅渡
62.85,9.0,758.7656189130454,510.6,石碶-雅渡
62.900000000000006,8.974999999999998,759.2143689130454,510.65,石碶-雅渡
62.95,8.95,759.6618689130454,510.7,石碶-雅渡
63.0,8.925,760.1081189130454,510.75,石碶-雅渡
63.050000000000004,8.899999999999999,760.5531189130454,510.8,石碶-雅渡
63.1,8.875,760.9968689130454,510.85,石碶-雅渡
63.150000000000006,8.849999999999998,761.4393689130454,510.9,石碶-雅渡
63.2,8.825,761.8806189130454,510.95,石碶-雅渡
63.25,8.8,762.3206189130455,511.0,石碶-雅渡
63.300000000000004,8.774999999999999,762.7593689130455,511.05,石碶-雅渡
63.35,8.75,763.1968689130455,511.1,石碶-雅渡
63.400000000000006,8.724999999999998,763.6331189130455,511.15,石碶-雅渡
63.45,8.7,764.0681189130454,511.2,石碶-雅渡
63.5,8.675,764.5018689130454,511.25,石碶-雅渡
63.550000000000004,8.649999999999999,764.9343689130454,511.3,石碶-雅渡
63.6,8.625,765.3656189130454,511.35,石碶-雅渡
63.650000000000006,8.599999999999998,765.7956189130454,511.4,石碶-雅渡
63.7,8.575,766.2243689130454,511.45,石碶-雅渡
63.75,8.55,766.6518689130454,511.5,石碶-雅渡
63.800000000000004,8.524999999999999,767.0781189130454,511.55,石碶-雅渡
63.85,8.5,767.5031189130453,511.6,石碶-雅渡
63.900000000000006,8.474999999999998,767.9268689130454,511.65,石碶-雅渡
63.95,8.45,768.3493689130454,511.7,石碶-雅渡
64.0,8.425,768.7706189130454,511.75,石碶-雅渡
64.05,8.400000000000002,769.1906189130453,511.8,石碶-雅渡
64.10000000000001,8.374999999999996,769.6093689130454,511.85,石碶-雅渡
64.15,8.349999999999998,770.0268689130454,511.9,石碶-雅渡
64.2,8.325,770.4431189130454,511.95,石碶-雅渡
64.25,8.3,770.8581189130454,512.0,石碶-雅渡
64.3,8.275000000000002,771.2718689130454,512.05,石碶-雅渡
64.35000000000001,8.249999999999996,771.6843689130454,512.1,石碶-雅渡
64.4,8.224999999999998,772.0956189130454,512.15,石碶-雅渡
64.45,8.2,772.5056189130454,512.2,石碶-雅渡
64.5,8.175,772.9143689130455,512.25,石碶-雅渡
64.55,8.150000000000002,773.3218689130455,512.3,石碶-雅渡
64.60000000000001,8.124999999999996,773.7281189130455,512.35,石碶-雅渡
64.65,8.099999999999998,774.1331189130455,512.4,石碶-雅渡
64.7,8.075,774.5368689130454,512.45,石碶-雅渡
64.75,8.05,774.9393689130454,512.5,石碶-雅渡
64.8,8.025000000000002,775.3406189130454,512.55,石碶-雅渡
64.85000000000001,7.9999999999999964,775.7406189130454,512.6,石碶-雅渡
64.9,7.974999999999998,776.1393689130454,512.65,石碶-雅渡
64.95,7.949999999999999,776.5368689130454,512.7,石碶-雅渡
65.0,7.925000000000001,776.9331189130454,512.75,石碶-雅渡
65.05,7.900000000000002,777.3281189130454,512.8,石碶-雅渡
65.10000000000001,7.8749999999999964,777.7218689130453,512.85,石碶-雅渡
65.15,7.849999999999998,778.1143689130454,512.9,石碶-雅渡
65.2,7.824999999999999,778.5056189130454,512.95,石碶-雅渡
65.25,7.800000000000001,778.8956189130454,513.0,石碶-雅渡
65.3,7.775000000000002,779.2843689130453,513.05,石碶-雅渡
65.35000000000001,7.7499999999999964,779.6718689130454,513.1,石碶-雅渡
65.4,7.724999999999998,780.0581189130454,513.15,石碶-雅渡
65.45,7.699999999999999,780.4431189130454,513.2,石碶-雅渡
65.5,7.675000000000001,780.8268689130454,513.25,石碶-雅渡
65.55,7.650000000000002,781.2093689130454,513.3,石碶-雅渡
65.60000000000001,7.6249999999999964,781.5906189130454,513.35,石碶-雅渡
65.65,7.599999999999998,781.9706189130454,513.4,石碶-雅渡
65.7,7.574999999999999,782.3493689130454,513.45,石碶-雅渡
65.75,7.550000000000001,782.7268689130455,513.5,石碶-雅渡
65.8,7.525000000000002,783.1031189130455,513.55,石碶-雅渡
65.85000000000001,7.4999999999999964,783.4781189130455,513.6,石碶-雅渡
65.9,7.474999999999998,783.8518689130455,513.65,石碶-雅渡
65.95,7.449999999999999,784.2243689130454,513.7,石碶-雅渡
66.0,7.425000000000001,784.5956189130454,513.75,石碶-雅渡
66.05,7.400000000000002,784.9656189130454,513.8,石碶-雅渡
66.10000000000001,7.3749999999999964,785.3343689130454,513.85,石碶-雅渡
66.15,7.349999999999998,785.7018689130454,513.9,石碶-雅渡
66.2,7.324999999999999,786.0681189130454,513.95,石碶-雅渡
66.25,7.300000000000001,786.4331189130454,514.0,石碶-雅渡
66.3,7.275000000000002,786.7968689130454,514.05,石碶-雅渡
66.35000000000001,7.2499999999999964,787.1593689130453,514.1,石碶-雅渡
66.4,7.224999999999998,787.5206189130454,514.15,石碶-雅渡
66.45,7.199999999999999,787.8806189130454,514.2,石碶-雅渡
66.5,7.175000000000001,788.2393689130454,514.25,石碶-雅渡
66.55,7.150000000000002,788.5968689130453,514.3,石碶-雅渡
66.60000000000001,7.1249999999999964,788.9531189130454,514.35,石碶-雅渡
66.65,7.099999999999998,789.3081189130454,514.4,石碶-雅渡
66.7,7.074999999999999,789.6618689130454,514.45,石碶-雅渡
66.75,7.050000000000001,790.0143689130454,514.5,石碶-雅渡
66.8,7.025000000000002,790.3656189130454,514.55,石碶-雅渡
66.85000000000001,6.9999999999999964,790.7156189130454,514.6,石碶-雅渡
66.9,6.974999999999998,791.0643689130454,514.65,石碶-雅渡
66.95,6.949999999999999,791.4118689130454,514.7,石碶-雅渡
67.0,6.925000000000001,791.7581189130455,514.75,石碶-雅渡
67.05,6.900000000000002,792.1031189130455,514.8,石碶-雅渡
67.10000000000001,6.8749999999999964,792.4468689130455,514.85,石碶-雅渡
67.15,6.849999999999998,792.7893689130455,514.9,石碶-雅渡
67.2,6.824999999999999,793.1306189130454,514.95,石碶-雅渡
67.25,6.800000000000001,793.4706189130454,515.0,石碶-雅渡
67.3,6.775000000000002,793.8093689130454,515.05,石碶-雅渡
67.35000000000001,6.7499999999999964,794.1468689130454,515.1,石碶-雅渡
67.4,6.724999999999998,794.4831189130454,515.15,石碶-雅渡
67.45,6.699999999999999,794.8181189130454,515.2,石碶-雅渡
67.5,6.675000000000001,795.1518689130454,515.25,石碶-雅渡
67.55,6.650000000000002,795.4843689130454,515.3,石碶-雅渡
67.60000000000001,6.6249999999999964,795.8156189130453,515.35,石碶-雅渡
67.65,6.599999999999998,796.1456189130454,515.4,石碶-雅渡
67.7,6.574999999999999,796.4743689130454,515.45,石碶-雅渡
67.75,6.550000000000001,796.8018689130454,515.5,石碶-雅渡
67.8,6.525000000000002,797.1281189130453,515.55,石碶-雅渡
67.85000000000001,6.4999999999999964,797.4531189130454,515.6,石碶-雅渡
67.9,6.474999999999998,797.7768689130454,515.65,石碶-雅渡
67.95,6.449999999999999,798.0993689130454,515.7,石碶-雅渡
68.0,6.425000000000001,798.4206189130454,515.75,石碶-雅渡
68.05,6.400000000000002,798.7406189130454,515.8,石碶-雅渡
68.10000000000001,6.3749999999999964,799.0593689130454,515.85,石碶-雅渡
68.15,6.349999999999998,799.3768689130454,515.9,石碶-雅渡
68.2,6.324999999999999,799.6931189130454,515.95,石碶-雅渡
68.25,6.300000000000001,800.0081189130455,516.0,石碶-雅渡
68.3,6.275000000000002,800.3218689130455,516.05,石碶-雅渡
68.35000000000001,6.2499999999999964,800.6343689130455,516.1,石碶-雅渡
68.4,6.224999999999998,800.9456189130455,516.15,石碶-雅渡
68.45,6.199999999999999,801.2556189130454,516.2,石碶-雅渡
68.5,6.175000000000001,801.5643689130454,516.25,石碶-雅渡
68.55,6.150000000000002,801.8718689130454,516.3,石碶-雅渡
68.60000000000001,6.1249999999999964,802.1781189130454,516.35,石碶-雅渡
68.65,6.099999999999998,802.4831189130454,516.4,石碶-雅渡
68.7,6.074999999999999,802.7868689130454,516.45,石碶-雅渡
68.75,6.050000000000001,803.0893689130454,516.5,石碶-雅渡
68.8,6.025000000000002,803.3906189130454,516.55,石碶-雅渡
68.85000000000001,5.9999999999999964,803.6906189130453,516.6,石碶-雅渡
68.9,5.974999999999998,803.9893689130454,516.65,石碶-雅渡
68.95,5.949999999999999,804.2868689130454,516.7,石碶-雅渡
69.0,5.925000000000001,804.5831189130454,516.75,石碶-雅渡
69.05,5.900000000000002,804.8781189130453,516.8,石碶-雅渡
69.10000000000001,5.8749999999999964,805.1718689130454,516.85,石碶-雅渡
69.15,5.849999999999998,805.4643689130454,516.9,石碶-雅渡
69.2,5.824999999999999,805.7556189130454,516.95,石碶-雅渡
69.25,5.800000000000001,806.0456189130454,517.0,石碶-雅渡
69.3,5.775000000000002,806.3343689130454,517.05,石碶-雅渡
69.35000000000001,5.7499999999999964,806.6218689130454,517.1,石碶-雅渡
69.4,5.724999999999998,806.9081189130454,517.15,石碶-雅渡
69.45,5.699999999999999,807.1931189130454,517.2,石碶-雅渡
69.5,5.675000000000001,807.4768689130455,517.25,石碶-雅渡
69.55,5.650000000000002,807.7593689130455,517.3,石碶-雅渡
69.60000000000001,5.6249999999999964,808.0406189130455,517.35,石碶-雅渡
69.65,5.599999999999998,808.3206189130455,517.4,石碶-雅渡
69.7,5.574999999999999,808.5993689130454,517.45,石碶-雅渡
69.75,5.550000000000001,808.8768689130454,517.5,石碶-雅渡
69.8,5.525000000000002,809.1531189130454,517.55,石碶-雅渡
69.85000000000001,5.4999999999999964,809.4281189130454,517.6,石碶-雅渡
69.9,5.474999999999998,809.7018689130454,517.65,石碶-雅渡
69.95,5.449999999999999,809.9743689130454,517.7,石碶-雅渡
70.0,5.425000000000001,810.2456189130454,517.75,石碶-雅渡
70.05,5.400000000000002,810.5156189130454,517.8,石碶-雅渡
70.10000000000001,5.3749999999999964,810.7843689130453,517.85,石碶-雅渡
70.15,5.349999999999998,811.0518689130454,517.9,石碶-雅渡
70.2,5.324999999999999,811.3181189130454,517.95,石碶-雅渡
70.25,5.300000000000001,811.5831189130454,518.0,石碶-雅渡
70.3,5.275000000000002,811.8468689130453,518.05,石碶-雅渡
70.35000000000001,5.2499999999999964,812.1093689130454,518.1,石碶-雅渡
70.4,5.224999999999998,812.3706189130454,518.15,石碶-雅渡
70.45,5.199999999999999,812.6306189130454,518.2,石碶-雅渡
70.5,5.175000000000001,812.8893689130454,518.25,石碶-雅渡
70.55,5.150000000000002,813.1468689130454,518.3,石碶-雅渡
70.60000000000001,5.1249999999999964,813.4031189130454,518.35,石碶-雅渡
70.65,5.099999999999998,813.6581189130454,518.4,石碶-雅渡
70.7,5.074999999999999,813.9118689130454,518.45,石碶-雅渡
70.75,5.050000000000001,814.1643689130455,518.5,石碶-雅渡
70.8,5.025000000000002,814.4156189130455,518.55,石碶-雅渡
70.85000000000001,4.9999999999999964,814.6656189130455,518.6,石碶-雅渡
70.9,4.974999999999998,814.9143689130455,518.65,石碶-雅渡
70.95,4.949999999999999,815.1618689130454,518.7,石碶-雅渡
71.0,4.925000000000001,815.4081189130454,518.75,石碶-雅渡
71.05,4.900000000000002,815.6531189130454,518.8,石碶-雅渡
71.10000000000001,4.8749999999999964,815.8968689130454,518.85,石碶-雅渡
71.15,4.849999999999998,816.1393689130454,518.9,石碶-雅渡
71.2,4.824999999999999,816.3806189130454,518.95,石碶-雅渡
71.25,4.800000000000001,816.6206189130454,519.0,石碶-雅渡
71.3,4.775000000000002,816.8593689130454,519.05,石碶-雅渡
71.35000000000001,4.7499999999999964,817.0968689130453,519.1,石碶-雅渡
71.4,4.724999999999998,817.3331189130454,519.15,石碶-雅渡
71.45,4.699999999999999,817.5681189130454,519.2,石碶-雅渡
71.5,4.675000000000001,817.8018689130454,519.25,石碶-雅渡
71.55,4.650000000000002,818.0343689130453,519.3,石碶-雅渡
71.60000000000001,4.6249999999999964,818.2656189130454,519.35,石碶-雅渡
71.65,4.599999999999998,818.4956189130454,519.4,石碶-雅渡
71.7,4.574999999999999,818.7243689130454,519.45,石碶-雅渡
71.75,4.550000000000001,818.9518689130454,519.5,石碶-雅渡
71.8,4.525000000000002,819.1781189130454,519.55,石碶-雅渡
71.85000000000001,4.4999999999999964,819.4031189130454,519.6,石碶-雅渡
71.9,4.474999999999998,819.6268689130454,519.65,石碶-雅渡
71.95,4.449999999999999,819.8493689130454,519.7,石碶-雅渡
72.0,4.425000000000001,820.0706189130455,519.75,石碶-雅渡
72.05,4.400000000000002,820.2906189130455,519.8,石碶-雅渡
72.10000000000001,4.3749999999999964,820.5093689130455,519.85,石碶-雅渡
72.15,4.349999999999998,820.7268689130455,519.9,石碶-雅渡
72.2,4.324999999999999,820.9431189130454,519.95,石碶-雅渡
72.25,4.300000000000001,821.1581189130454,520.0,石碶-雅渡
72.3,4.275000000000002,821.3718689130454,520.05,石碶-雅渡
72.35000000000001,4.2499999999999964,821.5843689130454,520.1,石碶-雅渡
72.4,4.224999999999998,821.7956189130454,520.15,石碶-雅渡
72.45,4.199999999999999,822.0056189130454,520.2,石碶-雅渡
72.5,4.175000000000001,822.2143689130454,520.25,石碶-雅渡
72.55,4.150000000000002,822.4218689130454,520.3,石碶-雅渡
72.60000000000001,4.1249999999999964,822.6281189130453,520.35,石碶-雅渡
72.65,4.099999999999998,822.8331189130454,520.4,石碶-雅渡
72.7,4.074999999999999,823.0368689130454,520.45,石碶-雅渡
72.75,4.050000000000001,823.2393689130454,520.5,石碶-雅渡
72.8,4.025000000000002,823.4406189130453,520.55,石碶-雅渡
72.85000000000001,3.9999999999999964,823.6406189130454,520.6,石碶-雅渡
72.9,3.974999999999998,823.8393689130454,520.65,石碶-雅渡
72.95,3.9499999999999993,824.0368689130454,520.7,石碶-雅渡
73.0,3.9250000000000007,824.2331189130454,520.75,石碶-雅渡
73.05,3.900000000000002,824.4281189130454,520.8,石碶-雅渡
73.10000000000001,3.8749999999999964,824.6218689130454,520.85,石碶-雅渡
73.15,3.849999999999998,824.8143689130454,520.9,石碶-雅渡
73.2,3.8249999999999993,825.0056189130454,520.95,石碶-雅渡
73.25,3.8000000000000007,825.1956189130455,521.0,石碶-雅渡
73.3,3.775000000000002,825.3843689130455,521.05,石碶-雅渡
73.35000000000001,3.7499999999999964,825.5718689130455,521.1,石碶-雅渡
73.4,3.724999999999998,825.7581189130455,521.15,石碶-雅渡
73.45,3.6999999999999993,825.9431189130454,521.2,石碶-雅渡
73.5,3.6750000000000007,826.1268689130454,521.25,石碶-雅渡
73.55,3.650000000000002,826.3093689130454,521.3,石碶-雅渡
73.60000000000001,3.6249999999999964,826.4906189130454,521.35,石碶-雅渡
73.65,3.599999999999998,826.6706189130454,521.4,石碶-雅渡
73.7,3.5749999999999993,826.8493689130454,521.45,石碶-雅渡
73.75,3.5500000000000007,827.0268689130454,521.5,石碶-雅渡
73.8,3.525000000000002,827.2031189130454,521.55,石碶-雅渡
73.85000000000001,3.4999999999999964,827.3781189130453,521.6,石碶-雅渡
73.9,3.474999999999998,827.5518689130454,521.65,石碶-雅渡
73.95,3.4499999999999993,827.7243689130454,521.7,石碶-雅渡
74.0,3.4250000000000007,827.8956189130454,521.75,石碶-雅渡
74.05,3.400000000000002,828.0656189130453,521.8,石碶-雅渡
74.10000000000001,3.3749999999999964,828.2343689130454,521.85,石碶-雅渡
74.15,3.349999999999998,828.4018689130454,521.9,石碶-雅渡
74.2,3.3249999999999993,828.5681189130454,521.95,石碶-雅渡
74.25,3.3000000000000007,828.7331189130454,522.0,石碶-雅渡
74.3,3.275000000000002,828.8968689130454,522.05,石碶-雅渡
74.35000000000001,3.2499999999999964,829.0593689130454,522.1,石碶-雅渡
74.4,3.224999999999998,829.2206189130454,522.15,石碶-雅渡
74.45,3.1999999999999993,829.3806189130454,522.2,石碶-雅渡
74.5,3.1750000000000007,829.5393689130455,522.25,石碶-雅渡
74.55,3.150000000000002,829.6968689130455,522.3,石碶-雅渡
74.60000000000001,3.1249999999999964,829.8531189130455,522.35,石碶-雅渡
74.65,3.099999999999998,830.0081189130455,522.4,石碶-雅渡
74.7,3.0749999999999993,830.1618689130454,522.45,石碶-雅渡
74.75,3.0500000000000007,830.3143689130454,522.5,石碶-雅渡
74.8,3.025000000000002,830.4656189130454,522.55,石碶-雅渡
74.85000000000001,2.9999999999999964,830.6156189130454,522.6,石碶-雅渡
74.9,2.974999999999998,830.7643689130454,522.65,石碶-雅渡
74.95,2.9499999999999993,830.9118689130454,522.7,石碶-雅渡
75.0,2.9250000000000007,831.0581189130454,522.75,石碶-雅渡
75.05,2.900000000000002,831.2031189130454,522.8,石碶-雅渡
75.10000000000001,2.8749999999999964,831.3468689130453,522.85,石碶-雅渡
75.15,2.849999999999998,831.4893689130454,522.9,石碶-雅渡
75.2,2.8249999999999993,831.6306189130454,522.95,石碶-雅渡
75.25,2.8000000000000007,831.7706189130454,523.0,石碶-雅渡
75.3,2.775000000000002,831.9093689130453,523.05,石碶-雅渡
75.35000000000001,2.7499999999999964,832.0468689130454,523.1,石碶-雅渡
75.4,2.724999999999998,832.1831189130454,523.15,石碶-雅渡
75.45,2.6999999999999993,832.3181189130454,523.2,石碶-雅渡
75.5,2.6750000000000007,832.4518689130454,523.25,石碶-雅渡
75.55,2.650000000000002,832.5843689130454,523.3,石碶-雅渡
75.60000000000001,2.6249999999999964,832.7156189130454,523.35,石碶-雅渡
75.65,2.599999999999998,832.8456189130454,523.4,石碶-雅渡
75.7,2.5749999999999993,832.9743689130454,523.45,石碶-雅渡
75.75,2.5500000000000007,833.1018689130455,523.5,石碶-雅渡
75.8,2.525000000000002,833.2281189130455,523.55,石碶-雅渡
75.85000000000001,2.4999999999999964,833.3531189130455,523.6,石碶-雅渡
75.9,2.474999999999998,833.4768689130455,523.65,石碶-雅渡
75.95,2.4499999999999993,833.5993689130454,523.7,石碶-雅渡
76.0,2.4250000000000007,833.7206189130454,523.75,石碶-雅渡
76.05,2.400000000000002,833.8406189130454,523.8,石碶-雅渡
76.10000000000001,2.3749999999999964,833.9593689130454,523.85,石碶-雅渡
76.15,2.349999999999998,834.0768689130454,523.9,石碶-雅渡
76.2,2.3249999999999993,834.1931189130454,523.95,石碶-雅渡
76.25,2.3000000000000007,834.3081189130454,524.0,石碶-雅渡
76.3,2.275000000000002,834.4218689130454,524.05,石碶-雅渡
76.35000000000001,2.2499999999999964,834.5343689130453,524.1,石碶-雅渡
76.4,2.224999999999998,834.6456189130454,524.15,石碶-雅渡
76.45,2.1999999999999993,834.7556189130454,524.2,石碶-雅渡
76.5,2.1750000000000007,834.8643689130454,524.25,石碶-雅渡
76.55,2.150000000000002,834.9718689130453,524.3,石碶-雅渡
76.60000000000001,2.1249999999999964,835.0781189130454,524.35,石碶-雅渡
76.65,2.099999999999998,835.1831189130454,524.4,石碶-雅渡
76.7,2.0749999999999993,835.2868689130454,524.45,石碶-雅渡
76.75,2.0500000000000007,835.3893689130454,524.5,石碶-雅渡
76.80000000000001,2.024999999999995,835.4906189130454,524.55,石碶-雅渡
76.85000000000001,1.9999999999999964,835.5906189130454,524.6,石碶-雅渡
76.9,1.9749999999999979,835.6893689130454,524.65,石碶-雅渡
76.95,1.9499999999999993,835.7868689130454,524.7,石碶-雅渡
77.0,1.9250000000000007,835.8831189130455,524.75,石碶-雅渡
77.05000000000001,1.899999999999995,835.9781189130455,524.8,石碶-雅渡
77.10000000000001,1.8749999999999964,836.0718689130455,524.85,石碶-雅渡
77.15,1.8499999999999979,836.1643689130455,524.9,石碶-雅渡
77.2,1.8249999999999993,836.2556189130454,524.95,石碶-雅渡
77.25,1.8000000000000007,836.3456189130454,525.0,石碶-雅渡
77.30000000000001,1.774999999999995,836.4343689130454,525.05,石碶-雅渡
77.35000000000001,1.7499999999999964,836.5218689130454,525.1,石碶-雅渡
77.4,1.7249999999999979,836.6081189130454,525.15,石碶-雅渡
77.45,1.6999999999999993,836.6931189130454,525.2,石碶-雅渡
77.5,1.6750000000000007,836.7768689130454,525.25,石碶-雅渡
77.55000000000001,1.649999999999995,836.8593689130454,525.3,石碶-雅渡
77.60000000000001,1.6249999999999964,836.9406189130453,525.35,石碶-雅渡
77.65,1.5999999999999979,837.0206189130454,525.4,石碶-雅渡
77.7,1.5749999999999993,837.0993689130454,525.45,石碶-雅渡
77.75,1.5500000000000007,837.1768689130454,525.5,石碶-雅渡
77.80000000000001,1.524999999999995,837.2531189130453,525.55,石碶-雅渡
77.85000000000001,1.4999999999999964,837.3281189130454,525.6,石碶-雅渡
77.9,1.4749999999999979,837.4018689130454,525.65,石碶-雅渡
77.95,1.4499999999999993,837.4743689130454,525.7,石碶-雅渡
78.0,1.4250000000000007,837.5456189130454,525.75,石碶-雅渡
78.05000000000001,1.399999999999995,837.6156189130454,525.8,石碶-雅渡
78.10000000000001,1.3749999999999964,837.6843689130454,525.85,石碶-雅渡
78.15,1.3499999999999979,837.7518689130454,525.9,石碶-雅渡
78.2,1.3249999999999993,837.8181189130454,525.95,石碶-雅渡
78.25,1.3000000000000007,837.8831189130455,526.0,石碶-雅渡
78.30000000000001,1.274999999999995,837.9468689130455,526.05,石碶-雅渡
78.35000000000001,1.2499999999999964,838.0093689130455,526.1,石碶-雅渡
78.4,1.2249999999999979,838.0706189130455,526.15,石碶-雅渡
78.45,1.1999999999999993,838.1306189130454,526.2,石碶-雅渡
78.5,1.1750000000000007,838.1893689130454,526.25,石碶-雅渡
78.55000000000001,1.149999999999995,838.2468689130454,526.3,石碶-雅渡
78.60000000000001,1.1249999999999964,838.3031189130454,526.35,石碶-雅渡
78.65,1.0999999999999979,838.3581189130454,526.4,石碶-雅渡
78.7,1.0749999999999993,838.4118689130454,526.45,石碶-雅渡
78.75,1.0500000000000007,838.4643689130454,526.5,石碶-雅渡
78.80000000000001,1.024999999999995,838.5156189130454,526.55,石碶-雅渡
78.85000000000001,0.9999999999999964,838.5656189130453,526.6,石碶-雅渡
78.9,0.9749999999999979,838.6143689130454,526.65,石碶-雅渡
78.95,0.9499999999999993,838.6618689130454,526.7,石碶-雅渡
79.0,0.9250000000000007,838.7081189130454,526.75,石碶-雅渡
79.05000000000001,0.899999999999995,838.7531189130453,526.8,石碶-雅渡
79.10000000000001,0.8749999999999964,838.7968689130454,526.85,石碶-雅渡
79.15,0.8499999999999979,838.8393689130454,526.9,石碶-雅渡
79.2,0.8249999999999993,838.8806189130454,526.95,石碶-雅渡
79.25,0.8000000000000007,838.9206189130454,527.0,石碶-雅渡
79.30000000000001,0.774999999999995,838.9593689130454,527.05,石碶-雅渡
79.35000000000001,0.7499999999999964,838.9968689130454,527.1,石碶-雅渡
79.4,0.7249999999999979,839.0331189130454,527.15,石碶-雅渡
79.45,0.6999999999999993,839.0681189130454,527.2,石碶-雅渡
79.5,0.6750000000000007,839.1018689130455,527.25,石碶-雅渡
79.55000000000001,0.649999999999995,839.1343689130455,527.3,石碶-雅渡
79.60000000000001,0.6249999999999964,839.1656189130455,527.35,石碶-雅渡
79.65,0.5999999999999979,839.1956189130455,527.4,石碶-雅渡
79.7,0.5749999999999993,839.2243689130454,527.45,石碶-雅渡
79.75,0.5500000000000007,839.2518689130454,527.5,石碶-雅渡
79.80000000000001,0.524999999999995,839.2781189130454,527.55,石碶-雅渡
79.85000000000001,0.49999999999999645,839.3031189130454,527.6,石碶-雅渡
79.9,0.47499999999999787,839.3268689130454,527.65,石碶-雅渡
79.95,0.4499999999999993,839.3493689130454,527.7,石碶-雅渡
80.0,0.4250000000000007,839.3706189130454,527.75,石碶-雅渡
80.05000000000001,0.399999999999995,839.3906189130454,527.8,石碶-雅渡
80.10000000000001,0.37499999999999645,839.4093689130453,527.85,石碶-雅渡
80.15,0.34999999999999787,839.4268689130454,527.9,石碶-雅渡
80.2,0.3249999999999993,839.4431189130454,527.95,石碶-雅渡
80.25,0.3000000000000007,839.4581189130454,528.0,石碶-雅渡
80.30000000000001,0.274999999999995,839.4718689130453,528.05,石碶-雅渡
80.35000000000001,0.24999999999999645,839.4843689130454,528.1,石碶-雅渡
80.4,0.22499999999999787,839.4956189130454,528.15,石碶-雅渡
80.45,0.1999999999999993,839.5056189130454,528.2,石碶-雅渡
80.5,0.1750000000000007,839.5143689130454,528.25,石碶-雅渡
80.55000000000001,0.14999999999999503,839.5218689130454,528.3,石碶-雅渡
80.60000000000001,0.12499999999999645,839.5281189130454,528.35,石碶-雅渡
80.65,0.09999999999999787,839.5331189130454,528.4,石碶-雅渡
80.7,0.07499999999999929,839.5368689130454,528.45,石碶-雅渡
80.75,0.05000000000000071,839.5393689130455,528.5,石碶-雅渡
80.80000000000001,0.024999999999995026,839.5406189130455,528.55,石碶-雅渡
80.85000000000001,0.0,839.5406189130455,528.6,石碶-雅渡
