t_local,v_ms,s_local
0.0,0.0,0.0
0.05,0.027500000000000004,0.0013750000000000004
0.1,0.05500000000000001,0.004125000000000001
0.15000000000000002,0.08250000000000002,0.008250000000000002
0.2,0.11000000000000001,0.013750000000000004
0.25,0.1375,0.020625000000000004
0.30000000000000004,0.16500000000000004,0.028875000000000005
0.35000000000000003,0.19250000000000003,0.038500000000000006
0.4,0.22000000000000003,0.04950000000000001
0.45,0.24750000000000003,0.06187500000000001
0.5,0.275,0.07562500000000001
0.55,0.30250000000000005,0.09075000000000001
0.6000000000000001,0.33000000000000007,0.10725000000000001
0.65,0.35750000000000004,0.12512500000000001
0.7000000000000001,0.38500000000000006,0.14437500000000003
0.75,0.41250000000000003,0.16500000000000004
0.8,0.44000000000000006,0.18700000000000006
0.8500000000000001,0.4675000000000001,0.21037500000000006
0.9,0.49500000000000005,0.23512500000000006
0.9500000000000001,0.5225000000000001,0.26125000000000004
1.0,0.55,0.28875000000000006
1.05,0.5775000000000001,0.31762500000000005
1.1,0.6050000000000001,0.34787500000000005
1.1500000000000001,0.6325000000000002,0.37950000000000006
1.2000000000000002,0.6600000000000001,0.4125000000000001
1.25,0.6875,0.4468750000000001
1.3,0.7150000000000001,0.4826250000000001
1.35,0.7425000000000002,0.51975
1.4000000000000001,0.7700000000000001,0.55825
1.4500000000000002,0.7975000000000002,0.598125
1.5,0.8250000000000001,0.639375
1.55,0.8525000000000001,0.682
1.6,0.8800000000000001,0.7260000000000001
1.6500000000000001,0.9075000000000002,0.7713750000000001
1.7000000000000002,0.9350000000000002,0.8181250000000002
1.75,0.9625000000000001,0.8662500000000002
1.8,0.9900000000000001,0.9157500000000002
1.85,1.0175,0.9666250000000002
1.9000000000000001,1.0450000000000002,1.0188750000000002
1.9500000000000002,1.0725000000000002,1.0725000000000002
2.0,1.1,1.1275000000000002
2.0500000000000003,1.1275000000000002,1.1838750000000002
2.1,1.1550000000000002,1.2416250000000002
2.15,1.1825,1.3007500000000003
2.2,1.2100000000000002,1.3612500000000003
2.25,1.2375,1.4231250000000002
2.3000000000000003,1.2650000000000003,1.4863750000000002
2.35,1.2925000000000002,1.5510000000000002
2.4000000000000004,1.3200000000000003,1.6170000000000002
2.45,1.3475000000000001,1.6843750000000002
2.5,1.375,1.7531250000000003
2.5500000000000003,1.4025000000000003,1.8232500000000003
2.6,1.4300000000000002,1.8947500000000002
2.6500000000000004,1.4575000000000002,1.9676250000000002
2.7,1.4850000000000003,2.041875
2.75,1.5125000000000002,2.1175
2.8000000000000003,1.5400000000000003,2.1945
2.85,1.5675000000000001,2.272875
2.9000000000000004,1.5950000000000004,2.352625
2.95,1.6225000000000003,2.4337500000000003
3.0,1.6500000000000001,2.5162500000000003
3.0500000000000003,1.6775000000000002,2.6001250000000002
3.1,1.7050000000000003,2.685375
3.1500000000000004,1.7325000000000004,2.7720000000000002
3.2,1.7600000000000002,2.8600000000000003
3.25,1.7875,2.9493750000000003
3.3000000000000003,1.8150000000000004,3.040125
3.35,1.8425000000000002,3.13225
3.4000000000000004,1.8700000000000003,3.22575
3.45,1.8975000000000002,3.320625
3.5,1.9250000000000003,3.416875
3.5500000000000003,1.9525000000000003,3.5145
3.6,1.9800000000000002,3.6135
3.6500000000000004,2.0075000000000003,3.7138750000000003
3.7,2.035,3.8156250000000003
3.75,2.0625,3.91875
3.8000000000000003,2.0900000000000003,4.02325
3.85,2.1175,4.129125
3.9000000000000004,2.1450000000000005,4.236375
3.95,2.1725000000000003,4.345
4.0,2.2,4.455
4.05,2.2275,4.566375
4.1000000000000005,2.2550000000000003,4.679125
4.15,2.2825,4.79325
4.2,2.3100000000000005,4.9087499999999995
4.25,2.3375000000000004,5.025625
4.3,2.365,5.1438749999999995
4.3500000000000005,2.3925000000000005,5.2635
4.4,2.4200000000000004,5.3845
4.45,2.4475000000000002,5.506875
4.5,2.475,5.630625
4.55,2.5025,5.75575
4.6000000000000005,2.5300000000000007,5.88225
4.65,2.5575000000000006,6.010125
4.7,2.5850000000000004,6.139375
4.75,2.6125000000000003,6.2700000000000005
4.800000000000001,2.6400000000000006,6.402
4.8500000000000005,2.6675000000000004,6.535375
4.9,2.6950000000000003,6.6701250000000005
4.95,2.7225,6.80625
5.0,2.75,6.9437500000000005
5.050000000000001,2.7775000000000007,7.082625
5.1000000000000005,2.8050000000000006,7.222875
5.15,2.8325000000000005,7.3645000000000005
5.2,2.8600000000000003,7.5075
5.25,2.8875,7.651875
5.300000000000001,2.9150000000000005,7.797625
5.3500000000000005,2.9425000000000003,7.94475
5.4,2.9700000000000006,8.09325
5.45,2.9975000000000005,8.243125
5.5,3.0250000000000004,8.394374999999998
5.550000000000001,3.0525000000000007,8.546999999999999
5.6000000000000005,3.0800000000000005,8.700999999999999
5.65,3.1075000000000004,8.856374999999998
5.7,3.1350000000000002,9.013124999999999
5.75,3.1625,9.171249999999999
5.800000000000001,3.190000000000001,9.330749999999998
5.8500000000000005,3.2175000000000007,9.491624999999999
5.9,3.2450000000000006,9.653875
5.95,3.2725000000000004,9.817499999999999
6.0,3.3000000000000003,9.982499999999998
6.050000000000001,3.3275000000000006,10.148874999999999
6.1000000000000005,3.3550000000000004,10.316624999999998
6.15,3.3825000000000003,10.485749999999998
6.2,3.4100000000000006,10.656249999999998
6.25,3.4375000000000004,10.828124999999998
6.300000000000001,3.4650000000000007,11.001374999999998
6.3500000000000005,3.4925000000000006,11.175999999999998
6.4,3.5200000000000005,11.351999999999999
6.45,3.5475000000000003,11.529374999999998
6.5,3.575,11.708124999999999
6.550000000000001,3.6025000000000005,11.88825
6.6000000000000005,3.630000000000001,12.069749999999999
6.65,3.6575000000000006,12.252624999999998
6.7,3.6850000000000005,12.436874999999999
6.75,3.7125000000000004,12.622499999999999
6.800000000000001,3.7400000000000007,12.809499999999998
6.8500000000000005,3.7675000000000005,12.997874999999999
6.9,3.7950000000000004,13.187624999999999
6.95,3.8225000000000002,13.378749999999998
7.0,3.8500000000000005,13.57125
7.050000000000001,3.877500000000001,13.765125
7.1000000000000005,3.9050000000000007,13.960374999999999
7.15,3.9325000000000006,14.157
7.2,3.9600000000000004,14.355
7.25,3.9875000000000003,14.554375
7.300000000000001,4.015000000000001,14.755125
7.3500000000000005,4.0425,14.95725
7.4,4.07,15.16075
7.45,4.0975,15.365625
7.5,4.125,15.571875
7.550000000000001,4.152500000000001,15.7795
7.6000000000000005,4.180000000000001,15.9885
7.65,4.2075000000000005,16.198875
7.7,4.235,16.410625
7.75,4.2625,16.62375
7.800000000000001,4.290000000000001,16.838250000000002
7.8500000000000005,4.317500000000001,17.054125000000003
7.9,4.345000000000001,17.271375000000003
7.95,4.3725000000000005,17.490000000000002
8.0,4.4,17.71
8.05,4.427500000000001,17.931375
8.1,4.455,18.154125
8.15,4.482500000000001,18.37825
8.200000000000001,4.510000000000001,18.60375
8.25,4.5375000000000005,18.830625
8.3,4.565,19.058875
8.35,4.5925,19.2885
8.4,4.620000000000001,19.5195
8.450000000000001,4.647500000000001,19.751875000000002
8.5,4.675000000000001,19.985625000000002
8.55,4.702500000000001,20.220750000000002
8.6,4.73,20.457250000000002
8.65,4.7575,20.695125
8.700000000000001,4.785000000000001,20.934375
8.75,4.8125,21.175
8.8,4.840000000000001,21.417
8.85,4.867500000000001,21.660375000000002
8.9,4.8950000000000005,21.905125
8.950000000000001,4.922500000000001,22.15125
9.0,4.95,22.39875
9.05,4.977500000000001,22.647625
9.1,5.005,22.897875000000003
9.15,5.032500000000001,23.149500000000003
9.200000000000001,5.060000000000001,23.402500000000003
9.25,5.0875,23.656875000000003
9.3,5.115000000000001,23.912625000000002
9.35,5.1425,24.16975
9.4,5.170000000000001,24.428250000000002
9.450000000000001,5.197500000000001,24.688125000000003
9.5,5.2250000000000005,24.949375000000003
9.55,5.2525,25.212000000000003
9.600000000000001,5.280000000000001,25.476000000000003
9.65,5.307500000000001,25.741375
9.700000000000001,5.335000000000001,26.008125
9.75,5.362500000000001,26.27625
9.8,5.390000000000001,26.54575
9.850000000000001,5.417500000000001,26.816625000000002
9.9,5.445,27.088875
9.950000000000001,5.472500000000001,27.3625
10.0,5.5,27.6375
10.05,5.527500000000001,27.913875
10.100000000000001,5.5550000000000015,28.191625000000002
10.15,5.5825000000000005,28.470750000000002
10.200000000000001,5.610000000000001,28.751250000000002
10.25,5.6375,29.033125000000002
10.3,5.665000000000001,29.316375
10.350000000000001,5.692500000000002,29.601
10.4,5.720000000000001,29.887
10.450000000000001,5.747500000000001,30.174375
10.5,5.775,30.463125
10.55,5.802500000000001,30.75325
10.600000000000001,5.830000000000001,31.04475
10.65,5.857500000000001,31.337625
10.700000000000001,5.885000000000001,31.631875
10.75,5.9125000000000005,31.927500000000002
10.8,5.940000000000001,32.2245
10.850000000000001,5.967500000000001,32.522875
10.9,5.995000000000001,32.822625
10.950000000000001,6.022500000000001,33.12375
11.0,6.050000000000001,33.42625
11.05,6.077500000000001,33.730125
11.100000000000001,6.105000000000001,34.035375
11.15,6.1325,34.342
11.200000000000001,6.160000000000001,34.65
11.25,6.187500000000001,34.959375
11.3,6.215000000000001,35.270125
11.350000000000001,6.2425000000000015,35.58225
11.4,6.2700000000000005,35.89575
11.450000000000001,6.297500000000001,36.210625
11.5,6.325,36.526875
11.55,6.352500000000001,36.8445
11.600000000000001,6.380000000000002,37.1635
11.65,6.407500000000001,37.483875
11.700000000000001,6.435000000000001,37.805625
11.75,6.4625,38.12875
11.8,6.490000000000001,38.45325
11.850000000000001,6.517500000000001,38.779125
11.9,6.545000000000001,39.106375
11.950000000000001,6.572500000000001,39.435
12.0,6.6000000000000005,39.765
12.05,6.627500000000001,40.096375
12.100000000000001,6.655000000000001,40.429125
12.15,6.682500000000001,40.76325
12.200000000000001,6.710000000000001,41.09875
12.25,6.737500000000001,41.435625
12.3,6.765000000000001,41.773875000000004
12.350000000000001,6.792500000000001,42.1135
12.4,6.820000000000001,42.4545
12.450000000000001,6.847500000000001,42.796875
12.5,6.875000000000001,43.140625
12.55,6.902500000000001,43.48575
12.600000000000001,6.9300000000000015,43.83225
12.65,6.9575000000000005,44.180125000000004
12.700000000000001,6.985000000000001,44.529375
12.75,7.0125,44.88
12.8,7.040000000000001,45.232
12.850000000000001,7.067500000000002,45.585375
12.9,7.095000000000001,45.940125
12.950000000000001,7.122500000000001,46.29625
13.0,7.15,46.65375
13.05,7.177500000000001,47.012625
13.100000000000001,7.205000000000001,47.372875
13.15,7.232500000000001,47.7345
13.200000000000001,7.260000000000002,48.0975
13.25,7.2875000000000005,48.461875
13.3,7.315000000000001,48.827625
13.350000000000001,7.342500000000001,49.19475
13.4,7.370000000000001,49.56325
13.450000000000001,7.397500000000001,49.933125
13.5,7.425000000000001,50.304375
13.55,7.452500000000001,50.677
13.600000000000001,7.480000000000001,51.051
13.65,7.507500000000001,51.426375
13.700000000000001,7.535000000000001,51.803125
13.75,7.562500000000001,52.18125
13.8,7.590000000000001,52.56075
13.850000000000001,7.6175000000000015,52.941625
13.9,7.6450000000000005,53.323875
13.950000000000001,7.672500000000001,53.7075
14.0,7.700000000000001,54.0925
14.05,7.727500000000001,54.478875
14.100000000000001,7.755000000000002,54.866625
14.15,7.782500000000001,55.25575
14.200000000000001,7.810000000000001,55.64625
14.25,7.8375,56.038125
14.3,7.865000000000001,56.431375
14.350000000000001,7.892500000000002,56.826
14.4,7.920000000000001,57.222
14.450000000000001,7.947500000000002,57.619375
14.5,7.9750000000000005,58.018125
14.55,8.002500000000001,58.41825
14.600000000000001,8.030000000000001,58.81975
14.65,8.057500000000001,59.222625
14.700000000000001,8.085,59.626875
14.75,8.1125,60.0325
14.8,8.14,60.439499999999995
14.850000000000001,8.167500000000002,60.847874999999995
14.9,8.195,61.257625
14.950000000000001,8.222500000000002,61.668749999999996
15.0,8.25,62.08125
15.05,8.277500000000002,62.495124999999994
15.100000000000001,8.305000000000001,62.910374999999995
15.15,8.332500000000001,63.327
15.200000000000001,8.360000000000001,63.745
15.25,8.387500000000001,64.16437499999999
15.3,8.415000000000001,64.58512499999999
15.350000000000001,8.4425,65.00724999999998
15.4,8.47,65.43074999999999
15.450000000000001,8.4975,65.85562499999999
15.5,8.525,66.28187499999999
15.55,8.5525,66.70949999999999
15.600000000000001,8.580000000000002,67.1385
15.65,8.607500000000002,67.56887499999999
15.700000000000001,8.635000000000002,68.00062499999999
15.75,8.662500000000001,68.43374999999999
15.8,8.690000000000001,68.86824999999999
15.850000000000001,8.717500000000001,69.30412499999998
15.9,8.745000000000001,69.74137499999999
15.950000000000001,8.7725,70.17999999999999
16.0,8.8,70.61999999999999
16.05,8.8275,71.06137499999998
16.1,8.855000000000002,71.50412499999999
16.150000000000002,8.882500000000002,71.94824999999999
16.2,8.91,72.39374999999998
16.25,8.9375,72.84062499999999
16.3,8.965000000000002,73.28887499999999
16.35,8.992500000000001,73.73849999999999
16.400000000000002,9.020000000000001,74.18949999999998
16.45,9.047500000000001,74.64187499999998
16.5,9.075000000000001,75.09562499999998
16.55,9.102500000000001,75.55074999999998
16.6,9.13,76.00724999999998
16.650000000000002,9.157500000000002,76.46512499999999
16.7,9.185,76.92437499999998
16.75,9.2125,77.38499999999998
16.8,9.240000000000002,77.84699999999998
16.85,9.267500000000002,78.31037499999998
16.900000000000002,9.295000000000002,78.77512499999997
16.95,9.3225,79.24124999999998
17.0,9.350000000000001,79.70874999999998
17.05,9.377500000000001,80.17762499999998
17.1,9.405000000000001,80.64787499999997
17.150000000000002,9.432500000000003,81.11949999999997
17.2,9.46,81.59249999999997
17.25,9.4875,82.06687499999997
17.3,9.515,82.54262499999997
17.35,9.542500000000002,83.01974999999997
17.400000000000002,9.570000000000002,83.49824999999997
17.45,9.5975,83.97812499999998
17.5,9.625,84.45937499999998
17.55,9.652500000000002,84.94199999999998
17.6,9.680000000000001,85.42599999999997
17.650000000000002,9.707500000000001,85.91137499999998
17.7,9.735000000000001,86.39812499999998
17.75,9.762500000000001,86.88624999999998
17.8,9.790000000000001,87.37574999999998
17.85,9.8175,87.86662499999998
17.900000000000002,9.845000000000002,88.35887499999998
17.95,9.8725,88.85249999999998
18.0,9.9,89.34749999999998
18.05,9.927500000000002,89.84387499999998
18.1,9.955000000000002,90.34162499999998
18.150000000000002,9.982500000000002,90.84074999999999
18.2,10.01,91.34124999999999
18.25,10.037500000000001,91.84312499999999
18.3,10.065000000000001,92.34637499999998
18.35,10.092500000000001,92.85099999999998
18.400000000000002,10.120000000000003,93.35699999999999
18.45,10.1475,93.86437499999998
18.5,10.175,94.37312499999999
18.55,10.2025,94.88324999999999
18.6,10.230000000000002,95.39474999999999
18.650000000000002,10.257500000000002,95.90762499999998
18.7,10.285,96.42187499999999
18.75,10.3125,96.93749999999999
18.8,10.340000000000002,97.45449999999998
18.85,10.367500000000001,97.97287499999999
18.900000000000002,10.395000000000001,98.49262499999999
18.95,10.422500000000001,99.01374999999999
19.0,10.450000000000001,99.53624999999998
19.05,10.477500000000001,100.06012499999999
19.1,10.505,100.58537499999998
19.150000000000002,10.532500000000002,101.11199999999998
19.200000000000003,10.560000000000002,101.63999999999999
19.25,10.5875,102.16937499999999
19.3,10.615000000000002,102.70012499999999
19.35,10.642500000000002,103.23224999999998
19.400000000000002,10.670000000000002,103.76574999999998
19.450000000000003,10.697500000000002,104.30062499999998
19.5,10.725000000000001,104.83687499999998
19.55,10.752500000000001,105.37449999999998
19.6,10.780000000000001,105.91349999999998
19.650000000000002,10.807500000000003,106.45387499999998
19.700000000000003,10.835000000000003,106.99562499999998
19.75,10.8625,107.53874999999998
19.8,10.89,108.08324999999998
19.85,10.917500000000002,108.62912499999997
19.900000000000002,10.945000000000002,109.17637499999998
19.950000000000003,10.972500000000002,109.72499999999998
20.0,11.0,110.27499999999998
20.05,11.027500000000002,110.82637499999997
20.1,11.055000000000001,111.37912499999997
20.150000000000002,11.082500000000001,111.93324999999997
20.200000000000003,11.110000000000003,112.48874999999997
20.25,11.137500000000001,113.04562499999997
20.3,11.165000000000001,113.60387499999997
20.35,11.192500000000003,114.16349999999997
20.400000000000002,11.220000000000002,114.72449999999998
20.450000000000003,11.247500000000002,115.28687499999998
20.5,11.275,115.85062499999998
20.55,11.302500000000002,116.41574999999997
20.6,11.330000000000002,116.98224999999998
20.650000000000002,11.357500000000002,117.55012499999998
20.700000000000003,11.385000000000003,118.11937499999998
20.75,11.412500000000001,118.68999999999998
20.8,11.440000000000001,119.26199999999999
20.85,11.467500000000001,119.83537499999998
20.900000000000002,11.495000000000003,120.41012499999998
20.950000000000003,11.522500000000003,120.98624999999998
21.0,11.55,121.56374999999998
21.05,11.5775,122.14262499999998
21.1,11.605000000000002,122.72287499999999
21.150000000000002,11.632500000000002,123.30449999999999
21.200000000000003,11.660000000000002,123.88749999999999
21.25,11.687500000000002,124.47187499999998
21.3,11.715000000000002,125.05762499999999
21.35,11.742500000000001,125.64474999999999
21.400000000000002,11.770000000000001,126.23324999999998
21.450000000000003,11.797500000000003,126.82312499999999
21.5,11.825000000000001,127.41437499999999
21.55,11.852500000000001,128.007
21.6,11.880000000000003,128.601
21.650000000000002,11.907500000000002,129.196375
21.700000000000003,11.935000000000002,129.79312499999997
21.75,11.9625,130.39124999999999
21.8,11.990000000000002,130.99075
21.85,12.017500000000002,131.591625
21.900000000000002,12.045000000000002,132.193875
21.950000000000003,12.072500000000003,132.79749999999999
22.0,12.100000000000001,133.40249999999997
22.05,12.127500000000001,134.008875
22.1,12.155000000000001,134.616625
22.150000000000002,12.182500000000003,135.22575
22.200000000000003,12.210000000000003,135.83625
22.25,12.2375,136.448125
22.3,12.265,137.061375
22.35,12.292500000000002,137.676
22.400000000000002,12.320000000000002,138.292
22.450000000000003,12.347500000000002,138.909375
22.5,12.375000000000002,139.52812500000002
22.55,12.402500000000002,140.14825000000002
22.6,12.430000000000001,140.76975000000002
22.650000000000002,12.457500000000001,141.392625
22.700000000000003,12.485000000000003,142.016875
22.75,12.512500000000001,142.6425
22.8,12.540000000000001,143.26950000000002
22.85,12.567500000000003,143.89787500000003
22.900000000000002,12.595000000000002,144.52762500000003
22.950000000000003,12.622500000000002,145.15875000000003
23.0,12.65,145.79125000000002
23.05,12.677500000000002,146.425125
23.1,12.705000000000002,147.06037500000002
23.150000000000002,12.732500000000002,147.69700000000003
23.200000000000003,12.760000000000003,148.33500000000004
23.25,12.787500000000001,148.97437500000004
23.3,12.815000000000001,149.61512500000003
23.35,12.842500000000001,150.25725000000003
23.400000000000002,12.870000000000003,150.90075000000002
23.450000000000003,12.897500000000003,151.54562500000003
23.5,12.925,152.19187500000004
23.55,12.9525,152.83950000000004
23.6,12.980000000000002,153.48850000000004
23.650000000000002,13.007500000000002,154.13887500000004
23.700000000000003,13.035000000000002,154.79062500000003
23.75,13.062500000000002,155.44375000000002
23.8,13.090000000000002,156.09825000000004
23.85,13.117500000000001,156.75412500000004
23.900000000000002,13.145000000000001,157.41137500000005
23.950000000000003,13.172500000000003,158.07000000000005
24.0,13.200000000000001,158.73000000000005
24.05,13.227500000000001,159.39137500000004
24.1,13.255000000000003,160.05412500000003
24.150000000000002,13.282500000000002,160.71825000000004
24.200000000000003,13.310000000000002,161.38375000000005
24.25,13.3375,162.05062500000005
24.3,13.365000000000002,162.71887500000005
24.35,13.392500000000002,163.38850000000005
24.400000000000002,13.420000000000002,164.05950000000004
24.450000000000003,13.447500000000003,164.73187500000003
24.5,13.475000000000001,165.40562500000004
24.55,13.502500000000001,166.08075000000005
24.6,13.530000000000001,166.75725000000006
24.650000000000002,13.557500000000003,167.43512500000006
24.700000000000003,13.585000000000003,168.11437500000005
24.75,13.6125,168.79500000000004
24.8,13.640000000000002,169.47700000000003
24.85,13.667500000000002,170.16037500000004
24.900000000000002,13.695000000000002,170.84512500000005
24.950000000000003,13.722500000000002,171.53125000000006
25.0,13.750000000000002,172.21875000000006
25.05,13.777500000000002,172.90762500000005
25.1,13.805000000000001,173.59787500000004
25.150000000000002,13.832500000000003,174.28950000000003
25.200000000000003,13.860000000000003,174.98250000000004
25.25,13.887500000000001,175.67687500000005
25.3,13.915000000000001,176.37262500000006
25.35,13.942500000000003,177.06975000000006
25.400000000000002,13.970000000000002,177.76825000000005
25.450000000000003,13.997500000000002,178.46812500000004
25.5,14.025,179.16937500000003
25.55,14.052500000000002,179.87200000000004
25.6,14.080000000000002,180.57600000000005
25.650000000000002,14.107500000000002,181.28137500000005
25.700000000000003,14.135000000000003,181.98812500000005
25.75,14.162500000000001,182.69625000000005
25.8,14.190000000000001,183.40575000000004
25.85,14.217500000000001,184.11662500000003
25.900000000000002,14.245000000000003,184.82887500000004
25.950000000000003,14.272500000000003,185.54250000000005
26.0,14.3,186.25750000000005
26.05,14.327500000000002,186.97387500000005
26.1,14.355000000000002,187.69162500000004
26.150000000000002,14.382500000000002,188.41075000000004
26.200000000000003,14.410000000000002,189.13125000000002
26.25,14.437500000000002,189.85312500000003
26.3,14.465000000000002,190.57637500000004
26.35,14.492500000000001,191.30100000000004
26.400000000000002,14.520000000000003,192.02700000000004
26.450000000000003,14.547500000000003,192.75437500000004
26.5,14.575000000000001,193.48312500000003
26.55,14.602500000000001,194.21325000000002
26.6,14.630000000000003,194.94475000000003
26.650000000000002,14.657500000000002,195.67762500000003
26.700000000000003,14.685000000000002,196.41187500000004
26.75,14.7125,197.14750000000004
26.8,14.740000000000002,197.88450000000003
26.85,14.767500000000002,198.62287500000002
26.900000000000002,14.795000000000002,199.362625
26.950000000000003,14.822500000000003,200.10375000000002
27.0,14.850000000000001,200.84625000000003
27.05,14.877500000000001,201.59012500000003
27.1,14.905000000000001,202.33537500000003
27.150000000000002,14.932500000000003,203.08200000000002
27.200000000000003,14.960000000000003,203.83
27.25,14.9875,204.579375
27.3,15.015000000000002,205.330125
27.35,15.042500000000002,206.08225000000002
27.400000000000002,15.070000000000002,206.83575000000002
27.450000000000003,15.097500000000002,207.59062500000002
27.5,15.125000000000002,208.346875
27.55,15.152500000000002,209.1045
27.6,15.180000000000001,209.8635
27.650000000000002,15.207500000000003,210.623875
27.700000000000003,15.235000000000003,211.385625
27.75,15.262500000000001,212.14875
27.8,15.290000000000001,212.91325
27.85,15.317500000000003,213.679125
27.900000000000002,15.345000000000002,214.446375
27.950000000000003,15.372500000000002,215.21499999999997
28.0,15.400000000000002,215.98499999999999
28.05,15.427500000000002,216.756375
28.1,15.455000000000002,217.529125
28.150000000000002,15.482500000000002,218.30325
28.200000000000003,15.510000000000003,219.07874999999999
28.25,15.537500000000001,219.85562499999997
28.3,15.565000000000001,220.633875
28.35,15.592500000000003,221.4135
28.400000000000002,15.620000000000003,222.1945
28.450000000000003,15.647500000000003,222.976875
28.5,15.675,223.760625
28.55,15.702500000000002,224.54575
28.6,15.730000000000002,225.33225
28.650000000000002,15.757500000000002,226.120125
28.700000000000003,15.785000000000004,226.909375
28.75,15.812500000000002,227.70000000000002
28.8,15.840000000000002,228.49200000000002
28.85,15.867500000000001,229.28537500000002
28.900000000000002,15.895000000000003,230.080125
28.950000000000003,15.922500000000003,230.87625
29.0,15.950000000000001,231.67375
29.05,15.977500000000001,232.47262500000002
29.1,16.005000000000003,233.27287500000003
29.150000000000002,16.032500000000002,234.07450000000003
29.200000000000003,16.060000000000002,234.87750000000003
29.25,16.087500000000002,235.68187500000002
29.3,16.115000000000002,236.487625
29.35,16.142500000000002,237.29475000000002
29.400000000000002,16.17,238.10325000000003
29.450000000000003,16.1975,238.91312500000004
29.5,16.225,239.72437500000004
29.55,16.2525,240.53700000000003
29.6,16.28,241.35100000000003
29.650000000000002,16.3075,242.16637500000002
29.700000000000003,16.335000000000004,242.98312500000003
29.75,16.3625,243.80125000000004
29.8,16.39,244.62075000000004
29.85,16.4175,245.44162500000004
29.900000000000002,16.445000000000004,246.26387500000004
29.950000000000003,16.472500000000004,247.08750000000003
30.0,16.5,247.91250000000002
30.05,16.527500000000003,248.73887500000004
30.1,16.555000000000003,249.56662500000004
30.150000000000002,16.582500000000003,250.39575000000005
30.200000000000003,16.610000000000003,251.22625000000005
30.25,16.637500000000003,252.05812500000005
30.3,16.665000000000003,252.89137500000004
30.35,16.692500000000003,253.72600000000003
30.400000000000002,16.720000000000002,254.56200000000004
30.450000000000003,16.747500000000002,255.39937500000005
30.5,16.775000000000002,256.238125
30.55,16.802500000000002,257.07825
30.6,16.830000000000002,257.91975
30.650000000000002,16.8575,258.762625
30.700000000000003,16.885,259.606875
30.75,16.9125,260.4525
30.8,16.94,261.29949999999997
30.85,16.9675,262.14787499999994
30.900000000000002,16.995,262.9976249999999
30.950000000000003,17.022500000000004,263.84874999999994
31.0,17.05,264.70124999999996
31.05,17.0775,265.555125
31.1,17.105,266.410375
31.150000000000002,17.132500000000004,267.267
31.200000000000003,17.160000000000004,268.125
31.25,17.1875,268.984375
31.3,17.215000000000003,269.845125
31.35,17.242500000000003,270.70725
31.400000000000002,17.270000000000003,271.57075
31.450000000000003,17.297500000000003,272.43562499999996
31.5,17.325000000000003,273.30187499999994
31.55,17.352500000000003,274.1694999999999
31.6,17.380000000000003,275.03849999999994
31.650000000000002,17.407500000000002,275.90887499999997
31.700000000000003,17.435000000000002,276.780625
31.75,17.462500000000002,277.65375
31.8,17.490000000000002,278.52825
31.85,17.517500000000002,279.404125
31.900000000000002,17.545,280.281375
31.950000000000003,17.5725,281.16
32.0,17.6,282.04
32.050000000000004,17.627500000000005,282.921375
32.1,17.655,283.804125
32.15,17.6825,284.68825
32.2,17.710000000000004,285.57374999999996
32.25,17.7375,286.46062499999994
32.300000000000004,17.765000000000004,287.34887499999996
32.35,17.792500000000004,288.2385
32.4,17.82,289.1295
32.45,17.847500000000004,290.021875
32.5,17.875,290.91562500000003
32.550000000000004,17.902500000000003,291.81075000000004
32.6,17.930000000000003,292.70725000000004
32.65,17.9575,293.60512500000004
32.7,17.985000000000003,294.50437500000004
32.75,18.012500000000003,295.40500000000003
32.800000000000004,18.040000000000003,296.307
32.85,18.067500000000003,297.210375
32.9,18.095000000000002,298.115125
32.95,18.122500000000002,299.02124999999995
33.0,18.150000000000002,299.92875
33.050000000000004,18.177500000000006,300.837625
33.1,18.205000000000002,301.747875
33.15,18.2325,302.65950000000004
33.2,18.26,303.57250000000005
33.25,18.2875,304.48687500000005
33.300000000000004,18.315000000000005,305.40262500000006
33.35,18.3425,306.31975000000006
33.4,18.37,307.23825000000005
33.45,18.397500000000004,308.15812500000004
33.5,18.425,309.079375
33.550000000000004,18.452500000000004,310.002
33.6,18.480000000000004,310.926
33.65,18.5075,311.85137499999996
33.7,18.535000000000004,312.778125
33.75,18.5625,313.70625
33.800000000000004,18.590000000000003,314.63575000000003
33.85,18.617500000000003,315.56662500000004
33.9,18.645,316.49887500000006
33.95,18.672500000000003,317.43250000000006
34.0,18.700000000000003,318.36750000000006
34.050000000000004,18.727500000000003,319.30387500000006
34.1,18.755000000000003,320.24162500000006
34.15,18.782500000000002,321.18075000000005
34.2,18.810000000000002,322.12125000000003
34.25,18.837500000000002,323.063125
34.300000000000004,18.865000000000006,324.006375
34.35,18.892500000000002,324.95099999999996
34.4,18.92,325.897
34.45,18.9475,326.844375
34.5,18.975,327.79312500000003
34.550000000000004,19.002500000000005,328.74325000000005
34.6,19.03,329.69475000000006
34.65,19.0575,330.64762500000006
34.7,19.085000000000004,331.60187500000006
34.75,19.1125,332.55750000000006
34.800000000000004,19.140000000000004,333.51450000000006
34.85,19.167500000000004,334.47287500000004
34.9,19.195,335.43262500000003
34.95,19.222500000000004,336.39375
35.0,19.25,337.35625
35.0,19.25,338.31874999999997
35.05,19.25,339.28124999999994
35.1,19.25,340.2437499999999
35.15,19.25,341.2062499999999
35.2,19.25,342.1687499999999
35.25,19.25,343.13124999999985
35.3,19.25,344.09374999999983
35.35,19.25,345.0562499999998
35.4,19.25,346.0187499999998
35.45,19.25,346.98124999999976
35.5,19.25,347.94374999999974
35.55,19.25,348.9062499999997
35.6,19.25,349.8687499999997
35.65,19.25,350.83124999999967
35.7,19.25,351.79374999999965
35.75,19.25,352.7562499999996
35.8,19.25,353.7187499999996
35.85,19.25,354.6812499999996
35.9,19.25,355.64374999999956
35.95,19.25,356.60624999999953
36.0,19.25,357.5687499999995
36.05,19.25,358.5312499999995
36.1,19.25,359.49374999999947
36.15,19.25,360.45624999999944
36.2,19.25,361.4187499999994
36.25,19.25,362.3812499999994
36.3,19.25,363.3437499999994
36.35,19.25,364.30624999999935
36.4,19.25,365.26874999999933
36.45,19.25,366.2312499999993
36.5,19.25,367.1937499999993
36.55,19.25,368.15624999999926
36.6,19.25,369.11874999999924
36.65,19.25,370.0812499999992
36.7,19.25,371.0437499999992
36.75,19.25,372.00624999999917
36.8,19.25,372.96874999999915
36.85,19.25,373.9312499999991
36.9,19.25,374.8937499999991
36.95,19.25,375.8562499999991
37.0,19.25,376.81874999999906
37.05,19.25,377.78124999999903
37.1,19.25,378.743749999999
37.15,19.25,379.706249999999
37.2,19.25,380.66874999999897
37.25,19.25,381.63124999999894
37.3,19.25,382.5937499999989
37.35,19.25,383.5562499999989
37.4,19.25,384.5187499999989
37.45,19.25,385.48124999999885
37.5,19.25,386.44374999999883
37.55,19.25,387.4062499999988
37.6,19.25,388.3687499999988
37.65,19.25,389.33124999999876
37.7,19.25,390.29374999999874
37.75,19.25,391.2562499999987
37.8,19.25,392.2187499999987
37.85,19.25,393.18124999999867
37.9,19.25,394.14374999999865
37.95,19.25,395.1062499999986
38.0,19.25,396.0687499999986
38.05,19.25,397.0312499999986
38.1,19.25,397.99374999999856
38.15,19.25,398.95624999999853
38.2,19.25,399.9187499999985
38.25,19.25,400.8812499999985
38.3,19.25,401.84374999999847
38.35,19.25,402.80624999999844
38.4,19.25,403.7687499999984
38.45,19.25,404.7312499999984
38.5,19.25,405.6937499999984
38.55,19.25,406.65624999999835
38.6,19.25,407.61874999999833
38.65,19.25,408.5812499999983
38.7,19.25,409.5437499999983
38.75,19.25,410.50624999999826
38.8,19.25,411.46874999999824
38.85,19.25,412.4312499999982
38.9,19.25,413.3937499999982
38.95,19.25,414.35624999999817
39.0,19.25,415.31874999999815
39.05,19.25,416.2812499999981
39.1,19.25,417.2437499999981
39.15,19.25,418.2062499999981
39.2,19.25,419.16874999999806
39.25,19.25,420.13124999999803
39.3,19.25,421.093749999998
39.35,19.25,422.056249999998
39.4,19.25,423.01874999999797
39.45,19.25,423.98124999999794
39.5,19.25,424.9437499999979
39.55,19.25,425.9062499999979
39.6,19.25,426.8687499999979
39.65,19.25,427.83124999999785
39.7,19.25,428.79374999999783
39.75,19.25,429.7562499999978
39.8,19.25,430.7187499999978
39.85,19.25,431.68124999999776
39.9,19.25,432.64374999999774
39.95,19.25,433.6062499999977
40.0,19.25,434.5687499999977
40.05,19.25,435.53124999999767
40.1,19.25,436.49374999999765
40.15,19.25,437.4562499999976
40.2,19.25,438.4187499999976
40.25,19.25,439.3812499999976
40.3,19.25,440.34374999999756
40.35,19.25,441.30624999999753
40.4,19.25,442.2687499999975
40.45,19.25,443.2312499999975
40.5,19.25,444.19374999999746
40.55,19.25,445.15624999999744
40.6,19.25,446.1187499999974
40.65,19.25,447.0812499999974
40.7,19.25,448.0437499999974
40.75,19.25,449.00624999999735
40.8,19.25,449.9687499999973
40.85,19.25,450.9312499999973
40.9,19.25,451.8937499999973
40.95,19.25,452.85624999999726
41.0,19.25,453.81874999999724
41.05,19.25,454.7812499999972
41.1,19.25,455.7437499999972
41.15,19.25,456.70624999999717
41.2,19.25,457.66874999999715
41.25,19.25,458.6312499999971
41.3,19.25,459.5937499999971
41.35,19.25,460.5562499999971
41.4,19.25,461.51874999999706
41.45,19.25,462.48124999999703
41.5,19.25,463.443749999997
41.55,19.25,464.406249999997
41.6,19.25,465.36874999999696
41.65,19.25,466.33124999999694
41.7,19.25,467.2937499999969
41.75,19.25,468.2562499999969
41.8,19.25,469.2187499999969
41.85,19.25,470.18124999999685
41.9,19.25,471.1437499999968
41.95,19.25,472.1062499999968
42.0,19.25,473.0687499999968
42.05,19.25,474.03124999999676
42.1,19.25,474.99374999999674
42.15,19.25,475.9562499999967
42.2,19.25,476.9187499999967
42.25,19.25,477.88124999999667
42.3,19.25,478.84374999999665
42.35,19.25,479.8062499999966
42.4,19.25,480.7687499999966
42.45,19.25,481.7312499999966
42.5,19.25,482.69374999999656
42.55,19.25,483.65624999999653
42.6,19.25,484.6187499999965
42.65,19.25,485.5812499999965
42.7,19.25,486.54374999999646
42.75,19.25,487.50624999999644
42.8,19.25,488.4687499999964
42.85,19.25,489.4312499999964
42.9,19.25,490.3937499999964
42.95,19.25,491.35624999999635
43.0,19.25,492.3187499999963
43.05,19.25,493.2812499999963
43.1,19.25,494.2437499999963
43.15,19.25,495.20624999999626
43.2,19.25,496.16874999999624
43.25,19.25,497.1312499999962
43.3,19.25,498.0937499999962
43.35,19.25,499.05624999999617
43.4,19.25,500.01874999999615
43.45,19.25,500.9812499999961
43.5,19.25,501.9437499999961
43.55,19.25,502.9062499999961
43.6,19.25,503.86874999999606
43.65,19.25,504.83124999999603
43.7,19.25,505.793749999996
43.75,19.25,506.756249999996
43.8,19.25,507.71874999999596
43.85,19.25,508.68124999999594
43.9,19.25,509.6437499999959
43.95,19.25,510.6062499999959
44.0,19.25,511.5687499999959
44.05,19.25,512.5312499999959
44.1,19.25,513.4937499999959
44.15,19.25,514.4562499999959
44.2,19.25,515.4187499999958
44.25,19.25,516.3812499999958
44.3,19.25,517.3437499999958
44.35,19.25,518.3062499999958
44.4,19.25,519.2687499999957
44.45,19.25,520.2312499999957
44.5,19.25,521.1937499999957
44.55,19.25,522.1562499999957
44.6,19.25,523.1187499999957
44.65,19.25,524.0812499999956
44.7,19.25,525.0437499999956
44.75,19.25,526.0062499999956
44.8,19.25,526.9687499999956
44.85,19.25,527.9312499999955
44.9,19.25,528.8937499999955
44.95,19.25,529.8562499999955
45.0,19.25,530.8187499999955
45.05,19.25,531.7812499999955
45.1,19.25,532.7437499999954
45.15,19.25,533.7062499999954
45.2,19.25,534.6687499999954
45.25,19.25,535.6312499999954
45.3,19.25,536.5937499999953
45.35,19.25,537.5562499999953
45.4,19.25,538.5187499999953
45.45,19.25,539.4812499999953
45.5,19.25,540.4437499999952
45.55,19.25,541.4062499999952
45.6,19.25,542.3687499999952
45.65,19.25,543.3312499999952
45.7,19.25,544.2937499999952
45.75,19.25,545.2562499999951
45.8,19.25,546.2187499999951
45.85,19.25,547.1812499999951
45.9,19.25,548.1437499999951
45.95,19.25,549.106249999995
46.0,19.25,550.068749999995
46.05,19.25,551.031249999995
46.1,19.25,551.993749999995
46.15,19.25,552.956249999995
46.2,19.25,553.9187499999949
46.25,19.25,554.8812499999949
46.3,19.25,555.8437499999949
46.35,19.25,556.8062499999949
46.4,19.25,557.7687499999948
46.45,19.25,558.7312499999948
46.5,19.25,559.6937499999948
46.55,19.25,560.6562499999948
46.6,19.25,561.6187499999947
46.65,19.25,562.5812499999947
46.7,19.25,563.5437499999947
46.75,19.25,564.5062499999947
46.8,19.25,565.4687499999947
46.85,19.25,566.4312499999946
46.9,19.25,567.3937499999946
46.95,19.25,568.3562499999946
47.0,19.25,569.3187499999946
47.05,19.25,570.2812499999945
47.1,19.25,571.2437499999945
47.15,19.25,572.2062499999945
47.2,19.25,573.1687499999945
47.25,19.25,574.1312499999945
47.3,19.25,575.0937499999944
47.35,19.25,576.0562499999944
47.4,19.25,577.0187499999944
47.45,19.25,577.9812499999944
47.5,19.25,578.9437499999943
47.55,19.25,579.9062499999943
47.6,19.25,580.8687499999943
47.65,19.25,581.8312499999943
47.7,19.25,582.7937499999942
47.75,19.25,583.7562499999942
47.8,19.25,584.7187499999942
47.85,19.25,585.6812499999942
47.9,19.25,586.6437499999942
47.95,19.25,587.6062499999941
48.0,19.25,588.5687499999941
48.05,19.25,589.5312499999941
48.1,19.25,590.4937499999941
48.15,19.25,591.456249999994
48.2,19.25,592.418749999994
48.25,19.25,593.381249999994
48.3,19.25,594.343749999994
48.35,19.25,595.306249999994
48.4,19.25,596.2687499999939
48.45,19.25,597.2312499999939
48.5,19.25,598.1937499999939
48.55,19.25,599.1562499999939
48.6,19.25,600.1187499999938
48.65,19.25,601.0812499999938
48.7,19.25,602.0437499999938
48.75,19.25,603.0062499999938
48.8,19.25,603.9687499999937
48.85,19.25,604.9312499999937
48.9,19.25,605.8937499999937
48.95,19.25,606.8562499999937
49.0,19.25,607.8187499999937
49.05,19.25,608.7812499999936
49.1,19.25,609.7437499999936
49.15,19.25,610.7062499999936
49.2,19.25,611.6687499999936
49.25,19.25,612.6312499999935
49.3,19.25,613.5937499999935
49.35,19.25,614.5562499999935
49.4,19.25,615.5187499999935
49.45,19.25,616.4812499999935
49.5,19.25,617.4437499999934
49.55,19.25,618.4062499999934
49.6,19.25,619.3687499999934
49.65,19.25,620.3312499999934
49.7,19.25,621.2937499999933
49.75,19.25,622.2562499999933
49.8,19.25,623.2187499999933
49.85,19.25,624.1812499999933
49.9,19.25,625.1437499999932
49.95,19.25,626.1062499999932
50.0,19.25,627.0687499999932
50.05,19.25,628.0312499999932
50.1,19.25,628.9937499999932
50.15,19.25,629.9562499999931
50.2,19.25,630.9187499999931
50.25,19.25,631.8812499999931
50.3,19.25,632.8437499999931
50.35,19.25,633.806249999993
50.4,19.25,634.768749999993
50.45,19.25,635.731249999993
50.5,19.25,636.693749999993
50.55,19.25,637.656249999993
50.6,19.25,638.6187499999929
50.65,19.25,639.5812499999929
50.7,19.25,640.5437499999929
50.75,19.25,641.5062499999929
50.8,19.25,642.4687499999928
50.85,19.25,643.4312499999928
50.9,19.25,644.3937499999928
50.95,19.25,645.3562499999928
51.0,19.25,646.3187499999927
51.05,19.25,647.2812499999927
51.1,19.25,648.2437499999927
51.150000000000006,19.25,649.2062499999927
51.2,19.25,650.1687499999927
51.25,19.25,651.1312499999926
51.3,19.25,652.0937499999926
51.35,19.25,653.0562499999926
51.400000000000006,19.25,654.0187499999926
51.45,19.25,654.9812499999925
51.5,19.25,655.9437499999925
51.55,19.25,656.9062499999925
51.6,19.25,657.8687499999925
51.650000000000006,19.25,658.8312499999925
51.7,19.25,659.7937499999924
51.75,19.25,660.7562499999924
51.8,19.25,661.7187499999924
51.85,19.25,662.6812499999924
51.900000000000006,19.25,663.6437499999923
51.95,19.25,664.6062499999923
52.0,19.25,665.5687499999923
52.05,19.25,666.5312499999923
52.1,19.25,667.4937499999922
52.150000000000006,19.25,668.4562499999922
52.2,19.25,669.4187499999922
52.25,19.25,670.3812499999922
52.3,19.25,671.3437499999922
52.35,19.25,672.3062499999921
52.400000000000006,19.25,673.2687499999921
52.45,19.25,674.2312499999921
52.5,19.25,675.1937499999921
52.55,19.25,676.156249999992
52.6,19.25,677.118749999992
52.650000000000006,19.25,678.081249999992
52.7,19.25,679.043749999992
52.75,19.25,680.006249999992
52.8,19.25,680.9687499999919
52.85,19.25,681.9312499999919
52.900000000000006,19.25,682.8937499999919
52.95,19.25,683.8562499999919
53.0,19.25,684.8187499999918
53.05,19.25,685.7812499999918
53.1,19.25,686.7437499999918
53.150000000000006,19.25,687.7062499999918
53.2,19.25,688.6687499999917
53.25,19.25,689.6312499999917
53.3,19.25,690.5937499999917
53.35,19.25,691.5562499999917
53.400000000000006,19.25,692.5187499999917
53.45,19.25,693.4812499999916
53.5,19.25,694.4437499999916
53.55,19.25,695.4062499999916
53.6,19.25,696.3687499999916
53.650000000000006,19.25,697.3312499999915
53.7,19.25,698.2937499999915
53.75,19.25,699.2562499999915
53.8,19.25,700.2187499999915
53.85,19.25,701.1812499999915
53.900000000000006,19.25,702.1437499999914
53.95,19.25,703.1062499999914
54.0,19.25,704.0687499999914
54.05,19.25,705.0312499999914
54.1,19.25,705.9937499999913
54.150000000000006,19.25,706.9562499999913
54.2,19.25,707.9187499999913
54.25,19.25,708.8812499999913
54.3,19.25,709.8437499999912
54.35,19.25,710.8062499999912
54.400000000000006,19.25,711.7687499999912
54.45,19.25,712.7312499999912
54.5,19.25,713.6937499999912
54.55,19.25,714.6562499999911
54.6,19.25,715.6187499999911
54.650000000000006,19.25,716.5812499999911
54.7,19.25,717.5437499999911
54.75,19.25,718.506249999991
54.8,19.25,719.468749999991
54.85,19.25,720.431249999991
54.900000000000006,19.25,721.393749999991
54.95,19.25,722.356249999991
55.0,19.25,723.3187499999909
55.05,19.25,724.2812499999909
55.1,19.25,725.2437499999909
55.150000000000006,19.25,726.2062499999909
55.2,19.25,727.1687499999908
55.25,19.25,728.1312499999908
55.3,19.25,729.0937499999908
55.35,19.25,730.0562499999908
55.400000000000006,19.25,731.0187499999907
55.45,19.25,731.9812499999907
55.5,19.25,732.9437499999907
55.55,19.25,733.9062499999907
55.6,19.25,734.8687499999907
55.650000000000006,19.25,735.8312499999906
55.7,19.25,736.7937499999906
55.75,19.25,737.7562499999906
55.8,19.25,738.7187499999906
55.85,19.25,739.6812499999905
55.900000000000006,19.25,740.6437499999905
55.95,19.25,741.6062499999905
56.0,19.25,742.5687499999905
56.05,19.25,743.5312499999905
56.1,19.25,744.4937499999904
56.150000000000006,19.25,745.4562499999904
56.2,19.25,746.4187499999904
56.25,19.25,747.3812499999904
56.3,19.25,748.3437499999903
56.35,19.25,749.3062499999903
56.400000000000006,19.25,750.2687499999903
56.45,19.25,751.2312499999903
56.5,19.25,752.1937499999902
56.55,19.25,753.1562499999902
56.6,19.25,754.1187499999902
56.650000000000006,19.25,755.0812499999902
56.7,19.25,756.0437499999902
56.75,19.25,757.0062499999901
56.8,19.25,757.9687499999901
56.85,19.25,758.9312499999901
56.900000000000006,19.25,759.8937499999901
56.95,19.25,760.85624999999
57.0,19.25,761.81874999999
57.05,19.25,762.78124999999
57.1,19.25,763.74374999999
57.150000000000006,19.25,764.70624999999
57.2,19.25,765.6687499999899
57.25,19.25,766.6312499999899
57.3,19.25,767.5937499999899
57.35,19.25,768.5562499999899
57.400000000000006,19.25,769.5187499999898
57.45,19.25,770.4812499999898
57.5,19.25,771.4437499999898
57.55,19.25,772.4062499999898
57.6,19.25,773.3687499999897
57.650000000000006,19.25,774.3312499999897
57.7,19.25,775.2937499999897
57.75,19.25,776.2562499999897
57.8,19.25,777.2187499999897
57.85,19.25,778.1812499999896
57.900000000000006,19.25,779.1437499999896
57.95,19.25,780.1062499999896
58.0,19.25,781.0687499999896
58.05,19.25,782.0312499999895
58.1,19.25,782.9937499999895
58.150000000000006,19.25,783.9562499999895
58.2,19.25,784.9187499999895
58.25,19.25,785.8812499999894
58.3,19.25,786.8437499999894
58.35,19.25,787.8062499999894
58.400000000000006,19.25,788.7687499999894
58.45,19.25,789.7312499999894
58.5,19.25,790.6937499999893
58.55,19.25,791.6562499999893
58.6,19.25,792.6187499999893
58.650000000000006,19.25,793.5812499999893
58.7,19.25,794.5437499999892
58.75,19.25,795.5062499999892
58.8,19.25,796.4687499999892
58.85,19.25,797.4312499999892
58.900000000000006,19.25,798.3937499999892
58.95,19.25,799.3562499999891
59.0,19.25,800.3187499999891
59.05,19.25,801.2812499999891
59.1,19.25,802.2437499999891
59.150000000000006,19.25,803.206249999989
59.2,19.25,804.168749999989
59.25,19.25,805.131249999989
59.3,19.25,806.093749999989
59.35,19.25,807.056249999989
59.400000000000006,19.25,808.0187499999889
59.45,19.25,808.9812499999889
59.5,19.25,809.9437499999889
59.55,19.25,810.9062499999889
59.6,19.25,811.8687499999888
59.650000000000006,19.25,812.8312499999888
59.7,19.25,813.7937499999888
59.75,19.25,814.7562499999888
59.8,19.25,815.7187499999887
59.85,19.25,816.6812499999887
59.900000000000006,19.25,817.6437499999887
59.95,19.25,818.6062499999887
60.0,19.25,819.5687499999887
60.05,19.25,820.5312499999886
60.1,19.25,821.4937499999886
60.150000000000006,19.25,822.4562499999886
60.2,19.25,823.4187499999886
60.25,19.25,824.3812499999885
60.3,19.25,825.3437499999885
60.35,19.25,826.3062499999885
60.400000000000006,19.25,827.2687499999885
60.45,19.25,828.2312499999884
60.5,19.25,829.1937499999884
60.55,19.25,830.1562499999884
60.6,19.25,831.1187499999884
60.650000000000006,19.25,832.0812499999884
60.7,19.25,833.0437499999883
60.75,19.25,834.0062499999883
60.8,19.25,834.9687499999883
60.85,19.25,835.9312499999883
60.900000000000006,19.25,836.8937499999882
60.95,19.25,837.8562499999882
61.0,19.25,838.8187499999882
61.05,19.25,839.7812499999882
61.1,19.25,840.7437499999882
61.150000000000006,19.25,841.7062499999881
61.2,19.25,842.6687499999881
61.25,19.25,843.6312499999881
61.3,19.25,844.5937499999881
61.35,19.25,845.556249999988
61.400000000000006,19.25,846.518749999988
61.45,19.25,847.481249999988
61.5,19.25,848.443749999988
61.55,19.25,849.406249999988
61.6,19.25,850.3687499999879
61.650000000000006,19.25,851.3312499999879
61.7,19.25,852.2937499999879
61.75,19.25,853.2562499999879
61.8,19.25,854.2187499999878
61.85,19.25,855.1812499999878
61.900000000000006,19.25,856.1437499999878
61.95,19.25,857.1062499999878
62.0,19.25,858.0687499999877
62.05,19.25,859.0312499999877
62.1,19.25,859.9937499999877
62.150000000000006,19.25,860.9562499999877
62.2,19.25,861.9187499999877
62.25,19.25,862.8812499999876
62.3,19.25,863.8437499999876
62.35,19.25,864.8062499999876
62.400000000000006,19.25,865.7687499999876
62.45,19.25,866.7312499999875
62.5,19.25,867.6937499999875
62.55,19.25,868.6562499999875
62.6,19.25,869.6187499999875
62.650000000000006,19.25,870.5812499999874
62.7,19.25,871.5437499999874
62.75,19.25,872.5062499999874
62.8,19.25,873.4687499999874
62.85,19.25,874.4312499999874
62.900000000000006,19.25,875.3937499999873
62.95,19.25,876.3562499999873
63.0,19.25,877.3187499999873
63.05,19.25,878.2812499999873
63.1,19.25,879.2437499999872
63.150000000000006,19.25,880.2062499999872
63.2,19.25,881.1687499999872
63.25,19.25,882.1312499999872
63.3,19.25,883.0937499999872
63.35,19.25,884.0562499999871
63.400000000000006,19.25,885.0187499999871
63.45,19.25,885.9812499999871
63.5,19.25,886.9437499999871
63.55,19.25,887.906249999987
63.6,19.25,888.868749999987
63.650000000000006,19.25,889.831249999987
63.7,19.25,890.793749999987
63.75,19.25,891.756249999987
63.8,19.25,892.7187499999869
63.85,19.25,893.6812499999869
63.900000000000006,19.25,894.6437499999869
63.95,19.25,895.6062499999869
64.0,19.25,896.5687499999868
64.05,19.25,897.5312499999868
64.1,19.25,898.4937499999868
64.15,19.25,899.4562499999868
64.2,19.25,900.4187499999867
64.25,19.25,901.3812499999867
64.3,19.25,902.3437499999867
64.35,19.25,903.3062499999867
64.4,19.25,904.2687499999867
64.45,19.25,905.2312499999866
64.5,19.25,906.1937499999866
64.55,19.25,907.1562499999866
64.6,19.25,908.1187499999866
64.65,19.25,909.0812499999865
64.7,19.25,910.0437499999865
64.75,19.25,911.0062499999865
64.8,19.25,911.9687499999865
64.85,19.25,912.9312499999864
64.9,19.25,913.8937499999864
64.95,19.25,914.8562499999864
65.0,19.25,915.8187499999864
65.05,19.25,916.7812499999864
65.1,19.25,917.7437499999863
65.15,19.25,918.7062499999863
65.2,19.25,919.6687499999863
65.25,19.25,920.6312499999863
65.3,19.25,921.5937499999862
65.35,19.25,922.5562499999862
65.4,19.25,923.5187499999862
65.45,19.25,924.4812499999862
65.5,19.25,925.4437499999862
65.55,19.25,926.4062499999861
65.6,19.25,927.3687499999861
65.65,19.25,928.3312499999861
65.7,19.25,929.2937499999861
65.75,19.25,930.256249999986
65.8,19.25,931.218749999986
65.85,19.25,932.181249999986
65.9,19.25,933.143749999986
65.95,19.25,934.106249999986
66.0,19.25,935.0687499999859
66.05,19.25,936.0312499999859
66.1,19.25,936.9937499999859
66.15,19.25,937.9562499999859
66.2,19.25,938.9187499999858
66.25,19.25,939.8812499999858
66.3,19.25,940.8437499999858
66.35,19.25,941.8062499999858
66.4,19.25,942.7687499999857
66.45,19.25,943.7312499999857
66.5,19.25,944.6937499999857
66.55,19.25,945.6562499999857
66.6,19.25,946.6187499999857
66.65,19.25,947.5812499999856
66.7,19.25,948.5437499999856
66.75,19.25,949.5062499999856
66.8,19.25,950.4687499999856
66.85,19.25,951.4312499999855
66.9,19.25,952.3937499999855
66.95,19.25,953.3562499999855
67.0,19.25,954.3187499999855
67.05000000000001,19.25,955.2812499999854
67.1,19.25,956.2437499999854
67.15,19.25,957.2062499999854
67.2,19.25,958.1687499999854
67.25,19.25,959.1312499999854
67.30000000000001,19.25,960.0937499999853
67.35,19.25,961.0562499999853
67.4,19.25,962.0187499999853
67.45,19.25,962.9812499999853
67.5,19.25,963.9437499999852
67.55000000000001,19.25,964.9062499999852
67.6,19.25,965.8687499999852
67.65,19.25,966.8312499999852
67.7,19.25,967.7937499999852
67.75,19.25,968.7562499999851
67.80000000000001,19.25,969.7187499999851
67.85,19.25,970.6812499999851
67.9,19.25,971.6437499999851
67.95,19.25,972.606249999985
68.0,19.25,973.568749999985
68.05000000000001,19.25,974.531249999985
68.1,19.25,975.493749999985
68.15,19.25,976.456249999985
68.2,19.25,977.4187499999849
68.25,19.25,978.3812499999849
68.30000000000001,19.25,979.3437499999849
68.35,19.25,980.3062499999849
68.4,19.25,981.2687499999848
68.45,19.25,982.2312499999848
68.5,19.25,983.1937499999848
68.55000000000001,19.25,984.1562499999848
68.6,19.25,985.1187499999847
68.65,19.25,986.0812499999847
68.7,19.25,987.0437499999847
68.75,19.25,988.0062499999847
68.80000000000001,19.25,988.9687499999847
68.85,19.25,989.9312499999846
68.9,19.25,990.8937499999846
68.95,19.25,991.8562499999846
69.0,19.25,992.8187499999846
69.05000000000001,19.25,993.7812499999845
69.1,19.25,994.7437499999845
69.15,19.25,995.7062499999845
69.2,19.25,996.6687499999845
69.25,19.25,997.6312499999844
69.30000000000001,19.25,998.5937499999844
69.35,19.25,999.5562499999844
69.4,19.25,1000.5187499999844
69.45,19.25,1001.4812499999844
69.5,19.25,1002.4437499999843
69.55000000000001,19.25,1003.4062499999843
69.6,19.25,1004.3687499999843
69.65,19.25,1005.3312499999843
69.7,19.25,1006.2937499999842
69.75,19.25,1007.2562499999842
69.80000000000001,19.25,1008.2187499999842
69.85,19.25,1009.1812499999842
69.9,19.25,1010.1437499999842
69.95,19.25,1011.1062499999841
70.0,19.25,1012.0687499999841
70.05000000000001,19.25,1013.0312499999841
70.1,19.25,1013.9937499999841
70.15,19.25,1014.956249999984
70.2,19.25,1015.918749999984
70.25,19.25,1016.881249999984
70.30000000000001,19.25,1017.843749999984
70.35,19.25,1018.806249999984
70.4,19.25,1019.7687499999839
70.45,19.25,1020.7312499999839
70.5,19.25,1021.6937499999839
70.55000000000001,19.25,1022.6562499999839
70.6,19.25,1023.6187499999838
70.65,19.25,1024.5812499999838
70.7,19.25,1025.543749999984
70.75,19.25,1026.506249999984
70.80000000000001,19.25,1027.468749999984
70.85,19.25,1028.4312499999842
70.9,19.25,1029.3937499999843
70.95,19.25,1030.3562499999844
71.0,19.25,1031.3187499999844
71.05000000000001,19.25,1032.2812499999845
71.1,19.25,1033.2437499999846
71.15,19.25,1034.2062499999847
71.2,19.25,1035.1687499999848
71.25,19.25,1036.131249999985
71.30000000000001,19.25,1037.093749999985
71.35,19.25,1038.056249999985
71.4,19.25,1039.0187499999852
71.45,19.25,1039.9812499999853
71.5,19.25,1040.9437499999854
71.55000000000001,19.25,1041.9062499999854
71.6,19.25,1042.8687499999855
71.65,19.25,1043.8312499999856
71.7,19.25,1044.7937499999857
71.75,19.25,1045.7562499999858
71.80000000000001,19.25,1046.718749999986
71.85,19.25,1047.681249999986
71.9,19.25,1048.643749999986
71.95,19.25,1049.6062499999862
72.0,19.25,1050.5687499999863
72.05000000000001,19.25,1051.5312499999864
72.1,19.25,1052.4937499999864
72.15,19.25,1053.4562499999865
72.2,19.25,1054.4187499999866
72.25,19.25,1055.3812499999867
72.30000000000001,19.25,1056.3437499999868
72.35,19.25,1057.306249999987
72.4,19.25,1058.268749999987
72.45,19.25,1059.231249999987
72.5,19.25,1060.1937499999872
72.55000000000001,19.25,1061.1562499999873
72.6,19.25,1062.1187499999874
72.65,19.25,1063.0812499999874
72.7,19.25,1064.0437499999875
72.75,19.25,1065.0062499999876
72.80000000000001,19.25,1065.9687499999877
72.85,19.25,1066.9312499999878
72.9,19.25,1067.893749999988
72.95,19.25,1068.856249999988
73.0,19.25,1069.818749999988
73.05000000000001,19.25,1070.7812499999882
73.1,19.25,1071.7437499999883
73.15,19.25,1072.7062499999884
73.2,19.25,1073.6687499999884
73.25,19.25,1074.6312499999885
73.30000000000001,19.25,1075.5937499999886
73.35,19.25,1076.5562499999887
73.4,19.25,1077.5187499999888
73.45,19.25,1078.481249999989
73.5,19.25,1079.443749999989
73.55000000000001,19.25,1080.406249999989
73.6,19.25,1081.3687499999892
73.65,19.25,1082.3312499999893
73.7,19.25,1083.2937499999894
73.75,19.25,1084.2562499999894
73.80000000000001,19.25,1085.2187499999895
73.85,19.25,1086.1812499999896
73.9,19.25,1087.1437499999897
73.95,19.25,1088.1062499999898
74.0,19.25,1089.06874999999
74.05000000000001,19.25,1090.03124999999
74.1,19.25,1090.99374999999
74.15,19.25,1091.9562499999902
74.2,19.25,1092.9187499999903
74.25,19.25,1093.8812499999904
74.30000000000001,19.25,1094.8437499999905
74.35,19.25,1095.8062499999905
74.4,19.25,1096.7687499999906
74.45,19.25,1097.7312499999907
74.5,19.25,1098.6937499999908
74.55000000000001,19.25,1099.656249999991
74.6,19.25,1100.618749999991
74.65,19.25,1101.581249999991
74.7,19.25,1102.5437499999912
74.75,19.25,1103.5062499999913
74.80000000000001,19.25,1104.4687499999914
74.85,19.25,1105.4312499999915
74.9,19.25,1106.3937499999915
74.95,19.25,1107.3562499999916
75.0,19.25,1108.3187499999917
75.05000000000001,19.25,1109.2812499999918
75.1,19.25,1110.243749999992
75.15,19.25,1111.206249999992
75.2,19.25,1112.168749999992
75.25,19.25,1113.1312499999922
75.30000000000001,19.25,1114.0937499999923
75.35,19.25,1115.0562499999924
75.4,19.25,1116.0187499999925
75.45,19.25,1116.9812499999925
75.5,19.25,1117.9437499999926
75.55000000000001,19.25,1118.9062499999927
75.6,19.25,1119.8687499999928
75.65,19.25,1120.831249999993
75.7,19.25,1121.793749999993
75.75,19.25,1122.756249999993
75.80000000000001,19.25,1123.7187499999932
75.85,19.25,1124.6812499999933
75.9,19.25,1125.6437499999934
75.95,19.25,1126.6062499999935
76.0,19.25,1127.5687499999935
76.05000000000001,19.25,1128.5312499999936
76.1,19.25,1129.4937499999937
76.15,19.25,1130.4562499999938
76.2,19.25,1131.418749999994
76.25,19.25,1132.381249999994
76.30000000000001,19.25,1133.343749999994
76.35,19.25,1134.3062499999942
76.4,19.25,1135.2687499999943
76.45,19.25,1136.2312499999944
76.5,19.25,1137.1937499999945
76.55000000000001,19.25,1138.1562499999945
76.6,19.25,1139.1187499999946
76.65,19.25,1140.0812499999947
76.7,19.25,1141.0437499999948
76.75,19.25,1142.006249999995
76.80000000000001,19.25,1142.968749999995
76.85,19.25,1143.931249999995
76.9,19.25,1144.8937499999952
76.95,19.25,1145.8562499999953
77.0,19.25,1146.8187499999954
77.05000000000001,19.25,1147.7812499999955
77.1,19.25,1148.7437499999955
77.15,19.25,1149.7062499999956
77.2,19.25,1150.6687499999957
77.25,19.25,1151.6312499999958
77.30000000000001,19.25,1152.593749999996
77.35,19.25,1153.556249999996
77.4,19.25,1154.518749999996
77.45,19.25,1155.4812499999962
77.5,19.25,1156.4437499999963
77.55000000000001,19.25,1157.4062499999964
77.6,19.25,1158.3687499999965
77.65,19.25,1159.3312499999965
77.7,19.25,1160.2937499999966
77.75,19.25,1161.2562499999967
77.80000000000001,19.25,1162.2187499999968
77.85,19.25,1163.181249999997
77.9,19.25,1164.143749999997
77.95,19.25,1165.106249999997
78.0,19.25,1166.0687499999972
78.05000000000001,19.25,1167.0312499999973
78.1,19.25,1167.9937499999974
78.15,19.25,1168.9562499999975
78.2,19.25,1169.9187499999975
78.25,19.25,1170.8812499999976
78.30000000000001,19.25,1171.8437499999977
78.35,19.25,1172.8062499999978
78.4,19.25,1173.768749999998
78.45,19.25,1174.731249999998
78.5,19.25,1175.693749999998
78.55000000000001,19.25,1176.6562499999982
78.6,19.25,1177.6187499999983
78.65,19.25,1178.5812499999984
78.7,19.25,1179.5437499999985
78.75,19.25,1180.5062499999985
78.80000000000001,19.25,1181.4687499999986
78.85,19.25,1182.4312499999987
78.9,19.25,1183.3937499999988
78.95,19.25,1184.356249999999
79.0,19.25,1185.318749999999
79.05000000000001,19.25,1186.281249999999
79.1,19.25,1187.2437499999992
79.15,19.25,1188.2062499999993
79.2,19.25,1189.1687499999994
79.25,19.25,1190.1312499999995
79.30000000000001,19.25,1191.0937499999995
79.35,19.25,1192.0562499999996
79.4,19.25,1193.0187499999997
79.45,19.25,1193.9812499999998
79.5,19.25,1194.94375
79.55000000000001,19.25,1195.90625
79.6,19.25,1196.86875
79.65,19.25,1197.8312500000002
79.7,19.25,1198.7937500000003
79.75,19.25,1199.7562500000004
79.80000000000001,19.25,1200.7187500000005
79.85,19.25,1201.6812500000005
79.9,19.25,1202.6437500000006
79.95,19.25,1203.6062500000007
80.0,19.25,1204.5687500000008
80.05000000000001,19.25,1205.531250000001
80.1,19.25,1206.493750000001
80.15,19.25,1207.456250000001
80.2,19.25,1208.4187500000012
80.25,19.25,1209.3812500000013
80.30000000000001,19.25,1210.3437500000014
80.35,19.25,1211.3062500000015
80.4,19.25,1212.2687500000015
80.45,19.25,1213.2312500000016
80.5,19.25,1214.1937500000017
80.55000000000001,19.25,1215.1562500000018
80.6,19.25,1216.118750000002
80.65,19.25,1217.081250000002
80.7,19.25,1218.043750000002
80.75,19.25,1219.0062500000022
80.80000000000001,19.25,1219.9687500000023
80.85,19.25,1220.9312500000024
80.9,19.25,1221.8937500000025
80.95,19.25,1222.8562500000025
81.0,19.25,1223.8187500000026
81.05000000000001,19.25,1224.7812500000027
81.1,19.25,1225.7437500000028
81.15,19.25,1226.706250000003
81.2,19.25,1227.668750000003
81.25,19.25,1228.631250000003
81.30000000000001,19.25,1229.5937500000032
81.35,19.25,1230.5562500000033
81.4,19.25,1231.5187500000034
81.45,19.25,1232.4812500000035
81.5,19.25,1233.4437500000035
81.55000000000001,19.25,1234.4062500000036
81.6,19.25,1235.3687500000037
81.65,19.25,1236.3312500000038
81.7,19.25,1237.293750000004
81.75,19.25,1238.256250000004
81.80000000000001,19.25,1239.218750000004
81.85,19.25,1240.1812500000042
81.9,19.25,1241.1437500000043
81.95,19.25,1242.1062500000044
82.0,19.25,1243.0687500000045
82.05000000000001,19.25,1244.0312500000045
82.1,19.25,1244.9937500000046
82.15,19.25,1245.9562500000047
82.2,19.25,1246.9187500000048
82.25,19.25,1247.881250000005
82.30000000000001,19.25,1248.843750000005
82.35,19.25,1249.806250000005
82.4,19.25,1250.7687500000052
82.45,19.25,1251.7312500000053
82.5,19.25,1252.6937500000054
82.55000000000001,19.25,1253.6562500000055
82.6,19.25,1254.6187500000055
82.65,19.25,1255.5812500000056
82.7,19.25,1256.5437500000057
82.75,19.25,1257.5062500000058
82.80000000000001,19.25,1258.468750000006
82.85,19.25,1259.431250000006
82.9,19.25,1260.393750000006
82.95,19.25,1261.3562500000062
83.0,19.25,1262.3187500000063
83.05000000000001,19.25,1263.2812500000064
83.1,19.25,1264.2437500000065
83.15,19.25,1265.2062500000065
83.2,19.25,1266.1687500000066
83.25,19.25,1267.1312500000067
83.30000000000001,19.25,1268.0937500000068
83.35,19.25,1269.056250000007
83.4,19.25,1270.018750000007
83.45,19.25,1270.981250000007
83.5,19.25,1271.9437500000072
83.55000000000001,19.25,1272.9062500000073
83.6,19.25,1273.8687500000074
83.65,19.25,1274.8312500000075
83.7,19.25,1275.7937500000075
83.75,19.25,1276.7562500000076
83.80000000000001,19.25,1277.7187500000077
83.85,19.25,1278.6812500000078
83.9,19.25,1279.643750000008
83.95,19.25,1280.606250000008
84.0,19.25,1281.568750000008
84.05000000000001,19.25,1282.5312500000082
84.1,19.25,1283.4937500000083
84.15,19.25,1284.4562500000084
84.2,19.25,1285.4187500000085
84.25,19.25,1286.3812500000085
84.30000000000001,19.25,1287.3437500000086
84.35,19.25,1288.3062500000087
84.4,19.25,1289.2687500000088
84.45,19.25,1290.231250000009
84.5,19.25,1291.193750000009
84.55000000000001,19.25,1292.156250000009
84.6,19.25,1293.1187500000092
84.65,19.25,1294.0812500000093
84.7,19.25,1295.0437500000094
84.75,19.25,1296.0062500000095
84.80000000000001,19.25,1296.9687500000095
84.85,19.25,1297.9312500000096
84.9,19.25,1298.8937500000097
84.95,19.25,1299.8562500000098
85.0,19.25,1300.81875000001
85.0,19.25,1301.78125000001
85.05,19.225,1302.74250000001
85.1,19.2,1303.70250000001
85.15,19.175,1304.66125000001
85.2,19.15,1305.61875000001
85.25,19.125,1306.57500000001
85.3,19.1,1307.53000000001
85.35,19.075,1308.4837500000099
85.4,19.05,1309.43625000001
85.45,19.025,1310.38750000001
85.5,19.0,1311.33750000001
85.55,18.975,1312.28625000001
85.6,18.95,1313.23375000001
85.65,18.925,1314.18000000001
85.7,18.9,1315.12500000001
85.75,18.875,1316.06875000001
85.8,18.85,1317.01125000001
85.85,18.825,1317.95250000001
85.9,18.8,1318.8925000000102
85.95,18.775,1319.8312500000102
86.0,18.75,1320.7687500000102
86.05,18.725,1321.7050000000102
86.1,18.7,1322.64000000001
86.15,18.675,1323.57375000001
86.2,18.65,1324.50625000001
86.25,18.625,1325.43750000001
86.3,18.6,1326.36750000001
86.35,18.575,1327.29625000001
86.4,18.55,1328.22375000001
86.45,18.525,1329.15000000001
86.5,18.5,1330.07500000001
86.55,18.475,1330.99875000001
86.6,18.45,1331.9212500000099
86.65,18.425,1332.84250000001
86.7,18.4,1333.76250000001
86.75,18.375,1334.68125000001
86.8,18.35,1335.59875000001
86.85,18.325,1336.51500000001
86.9,18.3,1337.43000000001
86.95,18.275,1338.34375000001
87.0,18.25,1339.25625000001
87.05,18.225,1340.16750000001
87.1,18.2,1341.07750000001
87.15,18.175,1341.9862500000102
87.2,18.15,1342.8937500000102
87.25,18.125,1343.8000000000102
87.3,18.1,1344.7050000000102
87.35,18.075,1345.60875000001
87.4,18.05,1346.51125000001
87.45,18.025,1347.41250000001
87.5,18.0,1348.31250000001
87.55,17.975,1349.21125000001
87.6,17.95,1350.10875000001
87.65,17.925,1351.00500000001
87.7,17.9,1351.90000000001
87.75,17.875,1352.79375000001
87.8,17.85,1353.68625000001
87.85,17.825,1354.5775000000099
87.9,17.8,1355.46750000001
87.95,17.775,1356.35625000001
88.0,17.75,1357.24375000001
88.05,17.725,1358.13000000001
88.1,17.7,1359.01500000001
88.15,17.675,1359.89875000001
88.2,17.65,1360.78125000001
88.25,17.625,1361.66250000001
88.3,17.6,1362.54250000001
88.35,17.575,1363.42125000001
88.4,17.55,1364.2987500000102
88.45,17.525,1365.1750000000102
88.5,17.5,1366.0500000000102
88.55,17.475,1366.9237500000102
88.6,17.45,1367.79625000001
88.65,17.425,1368.66750000001
88.7,17.4,1369.53750000001
88.75,17.375,1370.40625000001
88.8,17.35,1371.27375000001
88.85,17.325,1372.14000000001
88.9,17.3,1373.00500000001
88.95,17.275,1373.86875000001
89.0,17.25,1374.73125000001
89.05,17.225,1375.59250000001
89.1,17.2,1376.4525000000099
89.15,17.175,1377.31125000001
89.2,17.15,1378.16875000001
89.25,17.125,1379.02500000001
89.3,17.1,1379.88000000001
89.35,17.075,1380.73375000001
89.4,17.05,1381.58625000001
89.45,17.025,1382.43750000001
89.5,17.0,1383.28750000001
89.55,16.975,1384.13625000001
89.6,16.95,1384.98375000001
89.65,16.925,1385.8300000000102
89.7,16.9,1386.6750000000102
89.75,16.875,1387.5187500000102
89.8,16.85,1388.3612500000102
89.85,16.825,1389.20250000001
89.9,16.8,1390.04250000001
89.95,16.775,1390.88125000001
90.0,16.75,1391.71875000001
90.05,16.725,1392.55500000001
90.1,16.7,1393.39000000001
90.15,16.675,1394.22375000001
90.2,16.65,1395.05625000001
90.25,16.625,1395.88750000001
90.3,16.6,1396.71750000001
90.35,16.575,1397.5462500000099
90.4,16.55,1398.37375000001
90.45,16.525,1399.20000000001
90.5,16.5,1400.02500000001
90.55,16.475,1400.84875000001
90.6,16.45,1401.67125000001
90.65,16.425,1402.49250000001
90.7,16.4,1403.31250000001
90.75,16.375,1404.13125000001
90.8,16.35,1404.94875000001
90.85,16.325,1405.76500000001
90.9,16.3,1406.5800000000102
90.95,16.275,1407.3937500000102
91.0,16.25,1408.2062500000102
91.05,16.225,1409.0175000000102
91.1,16.2,1409.82750000001
91.15,16.175,1410.63625000001
91.2,16.15,1411.44375000001
91.25,16.125,1412.25000000001
91.3,16.1,1413.05500000001
91.35,16.075,1413.85875000001
91.4,16.05,1414.66125000001
91.45,16.025,1415.46250000001
91.5,16.0,1416.26250000001
91.55,15.975,1417.06125000001
91.6,15.95,1417.8587500000099
91.65,15.925,1418.65500000001
91.7,15.9,1419.45000000001
91.75,15.875,1420.24375000001
91.8,15.85,1421.03625000001
91.85,15.825,1421.82750000001
91.9,15.8,1422.61750000001
91.95,15.775,1423.40625000001
92.0,15.75,1424.19375000001
92.05,15.725,1424.98000000001
92.1,15.7,1425.76500000001
92.15,15.675,1426.5487500000102
92.2,15.65,1427.3312500000102
92.25,15.625,1428.1125000000102
92.3,15.6,1428.8925000000102
92.35,15.575,1429.67125000001
92.4,15.55,1430.44875000001
92.45,15.525,1431.22500000001
92.5,15.5,1432.00000000001
92.55,15.475,1432.77375000001
92.6,15.45,1433.54625000001
92.65,15.425,1434.31750000001
92.7,15.4,1435.08750000001
92.75,15.375,1435.85625000001
92.8,15.35,1436.62375000001
92.85,15.325,1437.3900000000099
92.9,15.3,1438.15500000001
92.95,15.275,1438.91875000001
93.0,15.25,1439.68125000001
93.05,15.225,1440.44250000001
93.1,15.2,1441.20250000001
93.15,15.175,1441.96125000001
93.2,15.149999999999999,1442.71875000001
93.25,15.125,1443.47500000001
93.3,15.1,1444.23000000001
93.35,15.075,1444.98375000001
93.4,15.05,1445.7362500000102
93.45,15.024999999999999,1446.4875000000102
93.5,15.0,1447.2375000000102
93.55,14.975,1447.9862500000102
93.6,14.95,1448.73375000001
93.65,14.925,1449.48000000001
93.7,14.899999999999999,1450.22500000001
93.75,14.875,1450.96875000001
93.8,14.85,1451.71125000001
93.85,14.825,1452.45250000001
93.9,14.8,1453.19250000001
93.95,14.774999999999999,1453.93125000001
94.0,14.75,1454.66875000001
94.05,14.725,1455.40500000001
94.1,14.7,1456.1400000000099
94.15,14.675,1456.87375000001
94.2,14.649999999999999,1457.60625000001
94.25,14.625,1458.33750000001
94.3,14.6,1459.06750000001
94.35,14.575,1459.79625000001
94.4,14.55,1460.52375000001
94.45,14.524999999999999,1461.25000000001
94.5,14.5,1461.97500000001
94.55,14.475,1462.69875000001
94.6,14.45,1463.42125000001
94.65,14.425,1464.1425000000102
94.7,14.399999999999999,1464.8625000000102
94.75,14.375,1465.5812500000102
94.8,14.35,1466.2987500000102
94.85,14.325,1467.01500000001
94.9,14.3,1467.73000000001
94.95,14.274999999999999,1468.44375000001
95.0,14.25,1469.15625000001
95.05,14.225,1469.86750000001
95.1,14.2,1470.57750000001
95.15,14.175,1471.28625000001
95.2,14.149999999999999,1471.99375000001
95.25,14.125,1472.70000000001
95.3,14.1,1473.40500000001
95.35,14.075,1474.1087500000099
95.4,14.05,1474.81125000001
95.45,14.024999999999999,1475.51250000001
95.5,14.0,1476.21250000001
95.55,13.975,1476.91125000001
95.6,13.95,1477.60875000001
95.65,13.925,1478.30500000001
95.7,13.899999999999999,1479.00000000001
95.75,13.875,1479.69375000001
95.8,13.85,1480.38625000001
95.85,13.825,1481.07750000001
95.9,13.8,1481.7675000000102
95.95,13.774999999999999,1482.4562500000102
96.0,13.75,1483.1437500000102
96.05,13.725,1483.8300000000102
96.1,13.7,1484.51500000001
96.15,13.675,1485.19875000001
96.2,13.649999999999999,1485.88125000001
96.25,13.625,1486.56250000001
96.3,13.6,1487.24250000001
96.35,13.575,1487.92125000001
96.4,13.55,1488.59875000001
96.45,13.524999999999999,1489.27500000001
96.5,13.5,1489.95000000001
96.55,13.475,1490.62375000001
96.6,13.45,1491.2962500000099
96.65,13.425,1491.96750000001
96.7,13.399999999999999,1492.63750000001
96.75,13.375,1493.30625000001
96.8,13.35,1493.97375000001
96.85,13.325,1494.64000000001
96.9,13.3,1495.30500000001
96.95,13.274999999999999,1495.96875000001
97.0,13.25,1496.63125000001
97.05,13.225,1497.29250000001
97.1,13.2,1497.95250000001
97.15,13.175,1498.6112500000102
97.2,13.149999999999999,1499.2687500000102
97.25,13.125,1499.9250000000102
97.3,13.1,1500.5800000000102
97.35,13.075,1501.23375000001
97.4,13.05,1501.88625000001
97.45,13.024999999999999,1502.53750000001
97.5,13.0,1503.18750000001
97.55,12.975,1503.83625000001
97.6,12.95,1504.48375000001
97.65,12.925,1505.13000000001
97.7,12.899999999999999,1505.77500000001
97.75,12.875,1506.41875000001
97.8,12.85,1507.06125000001
97.85,12.825,1507.7025000000099
97.9,12.8,1508.34250000001
97.95,12.774999999999999,1508.98125000001
98.0,12.75,1509.61875000001
98.05,12.725,1510.25500000001
98.1,12.7,1510.89000000001
98.15,12.675,1511.52375000001
98.2,12.649999999999999,1512.15625000001
98.25,12.625,1512.78750000001
98.3,12.6,1513.41750000001
98.35,12.575,1514.04625000001
98.4,12.55,1514.6737500000102
98.45,12.524999999999999,1515.3000000000102
98.5,12.5,1515.9250000000102
98.55,12.475,1516.5487500000102
98.6,12.45,1517.17125000001
98.65,12.425,1517.79250000001
98.7,12.399999999999999,1518.41250000001
98.75,12.375,1519.03125000001
98.8,12.35,1519.64875000001
98.85,12.325,1520.26500000001
98.9,12.3,1520.88000000001
98.95,12.274999999999999,1521.49375000001
99.0,12.25,1522.10625000001
99.05,12.225,1522.71750000001
99.1,12.2,1523.3275000000099
99.15,12.175,1523.93625000001
99.2,12.149999999999999,1524.54375000001
99.25,12.125,1525.15000000001
99.3,12.1,1525.75500000001
99.35,12.075,1526.35875000001
99.4,12.05,1526.96125000001
99.45,12.024999999999999,1527.56250000001
99.5,12.0,1528.16250000001
99.55,11.975,1528.76125000001
99.6,11.95,1529.35875000001
99.65,11.925,1529.9550000000102
99.7,11.899999999999999,1530.5500000000102
99.75,11.875,1531.1437500000102
99.8,11.85,1531.7362500000102
99.85,11.825,1532.32750000001
99.9,11.8,1532.91750000001
99.95,11.774999999999999,1533.50625000001
100.0,11.75,1534.09375000001
100.05,11.725,1534.68000000001
100.1,11.7,1535.26500000001
100.15,11.675,1535.84875000001
100.2,11.649999999999999,1536.43125000001
100.25,11.625,1537.01250000001
100.3,11.6,1537.59250000001
100.35,11.575,1538.1712500000099
100.4,11.55,1538.74875000001
100.45,11.524999999999999,1539.32500000001
100.5,11.5,1539.90000000001
100.55,11.475,1540.47375000001
100.6,11.45,1541.04625000001
100.65,11.425,1541.61750000001
100.7,11.399999999999999,1542.18750000001
100.75,11.375,1542.75625000001
100.8,11.35,1543.32375000001
100.85,11.325,1543.89000000001
100.9,11.3,1544.4550000000102
100.95,11.274999999999999,1545.0187500000102
101.0,11.25,1545.5812500000102
101.05,11.225,1546.1425000000102
101.1,11.2,1546.70250000001
101.15,11.174999999999999,1547.26125000001
101.2,11.15,1547.81875000001
101.25,11.125,1548.37500000001
101.3,11.1,1548.93000000001
101.35,11.075,1549.48375000001
101.4,11.049999999999999,1550.03625000001
101.45,11.025,1550.58750000001
101.5,11.0,1551.13750000001
101.55,10.975,1551.68625000001
101.6,10.95,1552.2337500000099
101.65,10.924999999999999,1552.78000000001
101.7,10.9,1553.32500000001
101.75,10.875,1553.86875000001
101.8,10.85,1554.41125000001
101.85,10.825,1554.95250000001
101.9,10.799999999999999,1555.49250000001
101.95,10.775,1556.03125000001
102.0,10.75,1556.56875000001
102.05,10.725,1557.10500000001
102.1,10.7,1557.64000000001
102.15,10.674999999999999,1558.1737500000102
102.2,10.65,1558.7062500000102
102.25,10.625,1559.2375000000102
102.3,10.6,1559.7675000000102
102.35,10.575,1560.29625000001
102.4,10.549999999999999,1560.82375000001
102.45,10.525,1561.35000000001
102.5,10.5,1561.87500000001
102.55,10.475,1562.39875000001
102.6,10.45,1562.92125000001
102.65,10.424999999999999,1563.44250000001
102.7,10.4,1563.96250000001
102.75,10.375,1564.48125000001
102.8,10.35,1564.99875000001
102.85,10.325,1565.5150000000099
102.9,10.299999999999999,1566.03000000001
102.95,10.275,1566.54375000001
103.0,10.25,1567.05625000001
103.05,10.225,1567.56750000001
103.1,10.2,1568.07750000001
103.15,10.174999999999999,1568.58625000001
103.2,10.15,1569.09375000001
103.25,10.125,1569.60000000001
103.3,10.1,1570.10500000001
103.35,10.075,1570.60875000001
103.4,10.049999999999999,1571.1112500000102
103.45,10.025,1571.6125000000102
103.5,10.0,1572.1125000000102
103.5,10.0,1572.6125000000102
103.55,10.0275,1573.1138750000102
103.6,10.055,1573.6166250000103
103.65,10.0825,1574.1207500000103
103.7,10.11,1574.6262500000103
103.75,10.1375,1575.1331250000103
103.8,10.165,1575.6413750000104
103.85,10.1925,1576.1510000000103
103.9,10.22,1576.6620000000103
103.95,10.2475,1577.1743750000103
104.0,10.275,1577.6881250000104
104.05,10.3025,1578.2032500000103
104.1,10.33,1578.7197500000102
104.15,10.3575,1579.2376250000102
104.2,10.385,1579.7568750000103
104.25,10.4125,1580.2775000000104
104.3,10.44,1580.7995000000103
104.35,10.4675,1581.3228750000103
104.4,10.495,1581.8476250000103
104.45,10.5225,1582.3737500000104
104.5,10.55,1582.9012500000104
104.55,10.5775,1583.4301250000103
104.6,10.605,1583.9603750000103
104.65,10.6325,1584.4920000000104
104.7,10.66,1585.0250000000103
104.75,10.6875,1585.5593750000103
104.8,10.715,1586.0951250000103
104.85,10.7425,1586.6322500000103
104.9,10.77,1587.1707500000105
104.95,10.7975,1587.7106250000104
105.0,10.825,1588.2518750000104
105.05,10.852500000000001,1588.7945000000104
105.1,10.88,1589.3385000000105
105.15,10.9075,1589.8838750000104
105.2,10.935,1590.4306250000104
105.25,10.9625,1590.9787500000105
105.3,10.99,1591.5282500000105
105.35,11.0175,1592.0791250000104
105.4,11.045,1592.6313750000104
105.45,11.0725,1593.1850000000104
105.5,11.1,1593.7400000000105
105.55,11.1275,1594.2963750000104
105.6,11.155000000000001,1594.8541250000103
105.65,11.182500000000001,1595.4132500000103
105.7,11.21,1595.9737500000103
105.75,11.2375,1596.5356250000104
105.8,11.265,1597.0988750000104
105.85,11.2925,1597.6635000000103
105.9,11.32,1598.2295000000104
105.95,11.3475,1598.7968750000105
106.0,11.375,1599.3656250000104
106.05,11.4025,1599.9357500000103
106.1,11.43,1600.5072500000103
106.15,11.4575,1601.0801250000104
106.2,11.485,1601.6543750000103
106.25,11.5125,1602.2300000000103
106.3,11.540000000000001,1602.8070000000102
106.35,11.5675,1603.3853750000103
106.4,11.595,1603.9651250000104
106.45,11.6225,1604.5462500000103
106.5,11.65,1605.1287500000103
106.55,11.6775,1605.7126250000103
106.6452380952381,11.67738095238095,1606.2964940476295
106.6952380952381,11.65238095238095,1606.8791130952486
106.74523809523811,11.627380952380951,1607.4604821428677
106.7952380952381,11.602380952380951,1608.0406011904868
106.8452380952381,11.57738095238095,1608.6194702381058
106.8952380952381,11.55238095238095,1609.1970892857248
106.9452380952381,11.52738095238095,1609.7734583333438
106.99523809523811,11.502380952380951,1610.3485773809628
107.0452380952381,11.477380952380951,1610.922446428582
107.0952380952381,11.45238095238095,1611.495065476201
107.1452380952381,11.42738095238095,1612.0664345238201
107.1952380952381,11.40238095238095,1612.6365535714392
107.24523809523811,11.377380952380951,1613.2054226190583
107.2952380952381,11.352380952380951,1613.7730416666773
107.3452380952381,11.32738095238095,1614.3394107142963
107.3952380952381,11.30238095238095,1614.9045297619152
107.4452380952381,11.27738095238095,1615.4683988095342
107.49523809523811,11.252380952380951,1616.0310178571533
107.5452380952381,11.227380952380951,1616.5923869047724
107.5952380952381,11.20238095238095,1617.1525059523915
107.6452380952381,11.17738095238095,1617.7113750000105
107.6952380952381,11.15238095238095,1618.2689940476296
107.74523809523811,11.127380952380951,1618.8253630952486
107.7952380952381,11.102380952380951,1619.3804821428675
107.8452380952381,11.07738095238095,1619.9343511904865
107.8952380952381,11.05238095238095,1620.4869702381056
107.9452380952381,11.02738095238095,1621.0383392857248
107.99523809523811,11.002380952380951,1621.5884583333439
108.0452380952381,10.977380952380951,1622.137327380963
108.0952380952381,10.95238095238095,1622.684946428582
108.1452380952381,10.92738095238095,1623.231315476201
108.1952380952381,10.90238095238095,1623.77643452382
108.24523809523811,10.877380952380951,1624.320303571439
108.2952380952381,10.852380952380951,1624.862922619058
108.3452380952381,10.82738095238095,1625.4042916666772
108.3952380952381,10.80238095238095,1625.9444107142963
108.4452380952381,10.77738095238095,1626.4832797619154
108.49523809523811,10.752380952380951,1627.0208988095344
108.5452380952381,10.727380952380951,1627.5572678571534
108.5952380952381,10.70238095238095,1628.0923869047724
108.6452380952381,10.67738095238095,1628.6262559523914
108.6952380952381,10.65238095238095,1629.1588750000103
108.74523809523811,10.627380952380951,1629.6902440476294
108.7952380952381,10.602380952380951,1630.2203630952486
108.8452380952381,10.57738095238095,1630.7492321428676
108.8952380952381,10.55238095238095,1631.2768511904867
108.9452380952381,10.52738095238095,1631.8032202381057
108.99523809523811,10.502380952380951,1632.3283392857247
109.0452380952381,10.477380952380951,1632.8522083333437
109.0952380952381,10.45238095238095,1633.3748273809626
109.1452380952381,10.42738095238095,1633.8961964285818
109.1952380952381,10.40238095238095,1634.416315476201
109.24523809523811,10.377380952380951,1634.93518452382
109.2952380952381,10.352380952380951,1635.452803571439
109.3452380952381,10.32738095238095,1635.969172619058
109.3952380952381,10.30238095238095,1636.484291666677
109.4452380952381,10.27738095238095,1636.998160714296
109.49523809523811,10.252380952380951,1637.510779761915
109.5452380952381,10.227380952380951,1638.0221488095342
109.5952380952381,10.20238095238095,1638.5322678571533
109.6452380952381,10.17738095238095,1639.0411369047724
109.6952380952381,10.15238095238095,1639.5487559523915
109.74523809523811,10.127380952380951,1640.0551250000105
109.7952380952381,10.102380952380951,1640.5602440476296
109.8452380952381,10.07738095238095,1641.0641130952486
109.8952380952381,10.05238095238095,1641.5667321428675
109.9452380952381,10.02738095238095,1642.0681011904865
109.99523809523811,10.002380952380951,1642.5682202381056
110.0452380952381,9.977380952380951,1643.0670892857247
110.0952380952381,9.95238095238095,1643.5647083333438
110.1452380952381,9.92738095238095,1644.0610773809628
110.1952380952381,9.90238095238095,1644.5561964285819
110.24523809523811,9.877380952380951,1645.0500654762009
110.2952380952381,9.852380952380951,1645.5426845238198
110.3452380952381,9.82738095238095,1646.0340535714388
110.3952380952381,9.80238095238095,1646.524172619058
110.4452380952381,9.77738095238095,1647.013041666677
110.49523809523811,9.752380952380951,1647.5006607142961
110.5452380952381,9.727380952380951,1647.9870297619152
110.5952380952381,9.70238095238095,1648.4721488095342
110.6452380952381,9.67738095238095,1648.9560178571533
110.6952380952381,9.652380952380952,1649.4386369047722
110.74523809523811,9.62738095238095,1649.9200059523912
110.7952380952381,9.602380952380951,1650.4001250000103
110.8452380952381,9.57738095238095,1650.8789940476295
110.8952380952381,9.55238095238095,1651.3566130952486
110.9452380952381,9.527380952380952,1651.8329821428676
110.99523809523811,9.50238095238095,1652.3081011904867
111.0452380952381,9.477380952380951,1652.7819702381057
111.0952380952381,9.45238095238095,1653.2545892857247
111.1452380952381,9.42738095238095,1653.7259583333437
111.1952380952381,9.402380952380952,1654.1960773809626
111.24523809523811,9.37738095238095,1654.6649464285817
111.2952380952381,9.352380952380951,1655.1325654762009
111.3452380952381,9.32738095238095,1655.59893452382
111.3952380952381,9.30238095238095,1656.064053571439
111.4452380952381,9.27738095238095,1656.527922619058
111.49523809523811,9.25238095238095,1656.990541666677
111.5452380952381,9.227380952380951,1657.451910714296
111.5952380952381,9.20238095238095,1657.912029761915
111.6452380952381,9.17738095238095,1658.370898809534
111.6952380952381,9.15238095238095,1658.8285178571532
111.74523809523811,9.12738095238095,1659.2848869047723
111.7952380952381,9.102380952380951,1659.7400059523914
111.8452380952381,9.07738095238095,1660.1938750000104
111.8952380952381,9.05238095238095,1660.6464940476294
111.9452380952381,9.02738095238095,1661.0978630952484
111.99523809523811,9.00238095238095,1661.5479821428673
112.0452380952381,8.977380952380951,1661.9968511904865
112.0952380952381,8.95238095238095,1662.4444702381056
112.1452380952381,8.92738095238095,1662.8908392857247
112.1952380952381,8.90238095238095,1663.3359583333438
112.24523809523811,8.87738095238095,1663.7798273809628
112.2952380952381,8.852380952380951,1664.2224464285819
112.3452380952381,8.82738095238095,1664.6638154762009
112.3952380952381,8.80238095238095,1665.1039345238198
112.4452380952381,8.77738095238095,1665.5428035714388
112.49523809523811,8.75238095238095,1665.980422619058
112.5452380952381,8.727380952380951,1666.416791666677
112.5952380952381,8.70238095238095,1666.851910714296
112.6452380952381,8.67738095238095,1667.2857797619151
112.6952380952381,8.65238095238095,1667.7183988095342
112.74523809523811,8.62738095238095,1668.1497678571532
112.7952380952381,8.602380952380951,1668.5798869047721
112.8452380952381,8.57738095238095,1669.008755952391
112.8952380952381,8.55238095238095,1669.4363750000102
112.9452380952381,8.52738095238095,1669.8627440476293
112.99523809523811,8.50238095238095,1670.2878630952484
113.0452380952381,8.477380952380951,1670.7117321428675
113.0952380952381,8.45238095238095,1671.1343511904865
113.1452380952381,8.42738095238095,1671.5557202381056
113.1952380952381,8.40238095238095,1671.9758392857245
113.24523809523811,8.37738095238095,1672.3947083333435
113.2952380952381,8.352380952380951,1672.8123273809626
113.3452380952381,8.32738095238095,1673.2286964285818
113.3952380952381,8.30238095238095,1673.6438154762009
113.4452380952381,8.27738095238095,1674.05768452382
113.49523809523811,8.25238095238095,1674.470303571439
113.5452380952381,8.227380952380951,1674.881672619058
113.5952380952381,8.20238095238095,1675.291791666677
113.6452380952381,8.17738095238095,1675.700660714296
113.6952380952381,8.15238095238095,1676.108279761915
113.74523809523811,8.12738095238095,1676.514648809534
113.7952380952381,8.102380952380951,1676.9197678571531
113.8452380952381,8.07738095238095,1677.3236369047722
113.8952380952381,8.05238095238095,1677.7262559523913
113.9452380952381,8.02738095238095,1678.1276250000103
113.99523809523811,8.00238095238095,1678.5277440476293
114.0452380952381,7.977380952380951,1678.9266130952483
114.0952380952381,7.952380952380951,1679.3242321428672
114.1452380952381,7.92738095238095,1679.7206011904864
114.1952380952381,7.90238095238095,1680.1157202381055
114.24523809523811,7.877380952380951,1680.5095892857246
114.2952380952381,7.852380952380951,1680.9022083333437
114.3452380952381,7.827380952380951,1681.2935773809627
114.3952380952381,7.80238095238095,1681.6836964285817
114.4452380952381,7.77738095238095,1682.0725654762007
114.49523809523811,7.752380952380951,1682.4601845238196
114.5452380952381,7.727380952380951,1682.8465535714388
114.5952380952381,7.702380952380951,1683.231672619058
114.6452380952381,7.67738095238095,1683.615541666677
114.6952380952381,7.65238095238095,1683.998160714296
114.74523809523811,7.627380952380951,1684.3795297619151
114.7952380952381,7.60238095238095,1684.7596488095342
114.8452380952381,7.57738095238095,1685.1385178571531
114.8952380952381,7.55238095238095,1685.516136904772
114.9452380952381,7.52738095238095,1685.892505952391
114.99523809523811,7.502380952380951,1686.2676250000102
115.0452380952381,7.47738095238095,1686.6414940476293
115.0952380952381,7.45238095238095,1687.0141130952484
115.1452380952381,7.42738095238095,1687.3854821428674
115.1952380952381,7.40238095238095,1687.7556011904865
115.24523809523811,7.377380952380951,1688.1244702381055
115.2952380952381,7.35238095238095,1688.4920892857244
115.3452380952381,7.32738095238095,1688.8584583333434
115.3952380952381,7.30238095238095,1689.2235773809625
115.4452380952381,7.27738095238095,1689.5874464285816
115.49523809523811,7.252380952380951,1689.9500654762007
115.5452380952381,7.22738095238095,1690.3114345238198
115.5952380952381,7.20238095238095,1690.6715535714388
115.6452380952381,7.17738095238095,1691.0304226190578
115.6952380952381,7.15238095238095,1691.3880416666768
115.74523809523811,7.127380952380951,1691.7444107142958
115.7952380952381,7.10238095238095,1692.099529761915
115.8452380952381,7.07738095238095,1692.453398809534
115.8952380952381,7.05238095238095,1692.8060178571532
115.9452380952381,7.02738095238095,1693.1573869047722
115.99523809523811,7.002380952380951,1693.5075059523913
116.0452380952381,6.97738095238095,1693.8563750000103
116.0952380952381,6.95238095238095,1694.2039940476293
116.1452380952381,6.92738095238095,1694.5503630952483
116.1952380952381,6.90238095238095,1694.8954821428672
116.24523809523811,6.87738095238095,1695.2393511904863
116.2952380952381,6.85238095238095,1695.5819702381054
116.3452380952381,6.82738095238095,1695.9233392857245
116.3952380952381,6.80238095238095,1696.2634583333436
116.4452380952381,6.77738095238095,1696.6023273809626
116.49523809523811,6.75238095238095,1696.9399464285816
116.5452380952381,6.72738095238095,1697.2763154762006
116.5952380952381,6.70238095238095,1697.6114345238195
116.6452380952381,6.67738095238095,1697.9453035714387
116.6952380952381,6.65238095238095,1698.2779226190578
116.74523809523811,6.62738095238095,1698.6092916666769
116.7952380952381,6.60238095238095,1698.939410714296
116.8452380952381,6.57738095238095,1699.268279761915
116.8952380952381,6.55238095238095,1699.595898809534
116.9452380952381,6.52738095238095,1699.922267857153
116.99523809523811,6.50238095238095,1700.247386904772
117.0452380952381,6.47738095238095,1700.571255952391
117.0952380952381,6.45238095238095,1700.8938750000102
117.1452380952381,6.42738095238095,1701.2152440476293
117.1952380952381,6.40238095238095,1701.5353630952484
117.24523809523811,6.37738095238095,1701.8542321428674
117.2952380952381,6.35238095238095,1702.1718511904864
117.3452380952381,6.32738095238095,1702.4882202381054
117.3952380952381,6.30238095238095,1702.8033392857244
117.4452380952381,6.27738095238095,1703.1172083333433
117.49523809523811,6.25238095238095,1703.4298273809625
117.5452380952381,6.22738095238095,1703.7411964285816
117.5952380952381,6.20238095238095,1704.0513154762007
117.6452380952381,6.17738095238095,1704.3601845238197
117.6952380952381,6.15238095238095,1704.6678035714388
117.74523809523811,6.12738095238095,1704.9741726190578
117.7952380952381,6.10238095238095,1705.2792916666767
117.8452380952381,6.07738095238095,1705.5831607142957
117.8952380952381,6.05238095238095,1705.8857797619148
117.9452380952381,6.02738095238095,1706.187148809534
117.99523809523811,6.00238095238095,1706.487267857153
118.0452380952381,5.97738095238095,1706.786136904772
118.0952380952381,5.95238095238095,1707.0837559523911
118.1452380952381,5.92738095238095,1707.3801250000101
118.1952380952381,5.90238095238095,1707.6752440476291
118.24523809523811,5.87738095238095,1707.969113095248
118.2952380952381,5.85238095238095,1708.2617321428672
118.3452380952381,5.82738095238095,1708.5531011904864
118.3952380952381,5.80238095238095,1708.8432202381055
118.4452380952381,5.77738095238095,1709.1320892857245
118.49523809523811,5.75238095238095,1709.4197083333436
118.5452380952381,5.72738095238095,1709.7060773809626
118.5952380952381,5.70238095238095,1709.9911964285816
118.6452380952381,5.67738095238095,1710.2750654762006
118.6952380952381,5.65238095238095,1710.5576845238195
118.74523809523811,5.62738095238095,1710.8390535714386
118.7952380952381,5.60238095238095,1711.1191726190577
118.8452380952381,5.57738095238095,1711.3980416666768
118.8952380952381,5.55238095238095,1711.6756607142959
118.9452380952381,5.52738095238095,1711.952029761915
118.99523809523811,5.50238095238095,1712.227148809534
119.0452380952381,5.47738095238095,1712.5010178571529
119.0952380952381,5.45238095238095,1712.7736369047718
119.1452380952381,5.42738095238095,1713.045005952391
119.1952380952381,5.40238095238095,1713.31512500001
119.24523809523811,5.37738095238095,1713.5839940476292
119.2952380952381,5.35238095238095,1713.8516130952482
119.3452380952381,5.32738095238095,1714.1179821428673
119.3952380952381,5.30238095238095,1714.3831011904863
119.4452380952381,5.27738095238095,1714.6469702381053
119.49523809523811,5.25238095238095,1714.9095892857242
119.5452380952381,5.22738095238095,1715.1709583333434
119.5952380952381,5.20238095238095,1715.4310773809625
119.6452380952381,5.17738095238095,1715.6899464285816
119.6952380952381,5.15238095238095,1715.9475654762007
119.74523809523811,5.12738095238095,1716.2039345238197
119.7952380952381,5.10238095238095,1716.4590535714387
119.8452380952381,5.07738095238095,1716.7129226190577
119.8952380952381,5.05238095238095,1716.9655416666767
119.9452380952381,5.02738095238095,1717.2169107142956
119.99523809523811,5.00238095238095,1717.4670297619148
120.0452380952381,4.97738095238095,1717.7158988095339
120.0952380952381,4.95238095238095,1717.963517857153
120.1452380952381,4.92738095238095,1718.209886904772
120.1952380952381,4.90238095238095,1718.455005952391
120.24523809523811,4.87738095238095,1718.69887500001
120.2952380952381,4.85238095238095,1718.941494047629
120.3452380952381,4.82738095238095,1719.182863095248
120.3952380952381,4.80238095238095,1719.422982142867
120.4452380952381,4.77738095238095,1719.6618511904862
120.49523809523811,4.75238095238095,1719.8994702381053
120.5452380952381,4.72738095238095,1720.1358392857244
120.5952380952381,4.70238095238095,1720.3709583333434
120.6452380952381,4.67738095238095,1720.6048273809624
120.6952380952381,4.65238095238095,1720.8374464285814
120.74523809523811,4.62738095238095,1721.0688154762004
120.7952380952381,4.60238095238095,1721.2989345238195
120.8452380952381,4.57738095238095,1721.5278035714387
120.8952380952381,4.55238095238095,1721.7554226190578
120.9452380952381,4.52738095238095,1721.9817916666768
120.99523809523811,4.50238095238095,1722.2069107142959
121.0452380952381,4.47738095238095,1722.430779761915
121.0952380952381,4.45238095238095,1722.6533988095339
121.1452380952381,4.42738095238095,1722.8747678571528
121.1952380952381,4.40238095238095,1723.0948869047718
121.24523809523811,4.37738095238095,1723.313755952391
121.2952380952381,4.35238095238095,1723.53137500001
121.3452380952381,4.32738095238095,1723.747744047629
121.3952380952381,4.30238095238095,1723.9628630952482
121.4452380952381,4.27738095238095,1724.1767321428672
121.49523809523811,4.25238095238095,1724.3893511904862
121.5452380952381,4.22738095238095,1724.6007202381052
121.5952380952381,4.20238095238095,1724.8108392857241
121.6452380952381,4.17738095238095,1725.0197083333433
121.6952380952381,4.15238095238095,1725.2273273809624
121.74523809523811,4.12738095238095,1725.4336964285815
121.7952380952381,4.10238095238095,1725.6388154762005
121.8452380952381,4.07738095238095,1725.8426845238196
121.8952380952381,4.05238095238095,1726.0453035714386
121.9452380952381,4.02738095238095,1726.2466726190576
121.99523809523811,4.00238095238095,1726.4467916666765
122.0452380952381,3.9773809523809502,1726.6456607142957
122.0952380952381,3.95238095238095,1726.8432797619148
122.1452380952381,3.9273809523809504,1727.039648809534
122.1952380952381,3.90238095238095,1727.234767857153
122.24523809523811,3.8773809523809497,1727.428636904772
122.2952380952381,3.8523809523809502,1727.621255952391
122.3452380952381,3.82738095238095,1727.81262500001
122.3952380952381,3.8023809523809504,1728.002744047629
122.4452380952381,3.77738095238095,1728.191613095248
122.49523809523811,3.7523809523809497,1728.379232142867
122.5452380952381,3.7273809523809502,1728.5656011904862
122.5952380952381,3.7023809523809508,1728.7507202381053
122.6452380952381,3.6773809523809504,1728.9345892857243
122.6952380952381,3.65238095238095,1729.1172083333433
122.74523809523811,3.6273809523809497,1729.2985773809623
122.7952380952381,3.6023809523809494,1729.4786964285813
122.8452380952381,3.5773809523809508,1729.6575654762003
122.8952380952381,3.5523809523809504,1729.8351845238194
122.9452380952381,3.52738095238095,1730.0115535714385
122.99523809523811,3.5023809523809497,1730.1866726190576
123.0452380952381,3.4773809523809494,1730.3605416666767
123.0952380952381,3.4523809523809508,1730.5331607142957
123.1452380952381,3.4273809523809504,1730.7045297619147
123.1952380952381,3.40238095238095,1730.8746488095337
123.24523809523811,3.3773809523809497,1731.0435178571527
123.2952380952381,3.3523809523809494,1731.2111369047718
123.3452380952381,3.3273809523809508,1731.377505952391
123.3952380952381,3.3023809523809504,1731.54262500001
123.4452380952381,3.27738095238095,1731.7064940476291
123.49523809523811,3.2523809523809497,1731.8691130952482
123.5452380952381,3.2273809523809494,1732.0304821428672
123.5952380952381,3.2023809523809508,1732.1906011904862
123.6452380952381,3.1773809523809504,1732.3494702381051
123.6952380952381,3.15238095238095,1732.507089285724
123.74523809523811,3.1273809523809497,1732.6634583333432
123.7952380952381,3.1023809523809494,1732.8185773809623
123.8452380952381,3.0773809523809508,1732.9724464285814
123.8952380952381,3.0523809523809504,1733.1250654762005
123.9452380952381,3.02738095238095,1733.2764345238195
123.99523809523811,3.0023809523809497,1733.4265535714385
124.0452380952381,2.9773809523809494,1733.5754226190575
124.0952380952381,2.9523809523809508,1733.7230416666764
124.1452380952381,2.9273809523809504,1733.8694107142956
124.1952380952381,2.90238095238095,1734.0145297619147
124.24523809523811,2.8773809523809497,1734.1583988095338
124.2952380952381,2.8523809523809494,1734.3010178571528
124.3452380952381,2.8273809523809508,1734.4423869047719
124.3952380952381,2.8023809523809504,1734.5825059523909
124.4452380952381,2.77738095238095,1734.7213750000099
124.49523809523811,2.7523809523809497,1734.8589940476288
124.5452380952381,2.7273809523809494,1734.995363095248
124.5952380952381,2.7023809523809508,1735.130482142867
124.6452380952381,2.6773809523809504,1735.2643511904862
124.6952380952381,2.65238095238095,1735.3969702381053
124.74523809523811,2.6273809523809497,1735.5283392857243
124.7952380952381,2.6023809523809494,1735.6584583333433
124.8452380952381,2.5773809523809508,1735.7873273809623
124.8952380952381,2.5523809523809504,1735.9149464285813
124.9452380952381,2.52738095238095,1736.0413154762002
124.99523809523811,2.5023809523809497,1736.1664345238194
125.0452380952381,2.4773809523809494,1736.2903035714385
125.0952380952381,2.4523809523809508,1736.4129226190576
125.1452380952381,2.4273809523809504,1736.5342916666766
125.1952380952381,2.40238095238095,1736.6544107142956
125.24523809523811,2.3773809523809497,1736.7732797619146
125.2952380952381,2.3523809523809494,1736.8908988095336
125.3452380952381,2.3273809523809508,1737.0072678571526
125.3952380952381,2.3023809523809504,1737.1223869047717
125.4452380952381,2.27738095238095,1737.2362559523908
125.49523809523811,2.2523809523809497,1737.34887500001
125.5452380952381,2.2273809523809494,1737.460244047629
125.5952380952381,2.2023809523809508,1737.570363095248
125.6452380952381,2.1773809523809504,1737.679232142867
125.6952380952381,2.15238095238095,1737.786851190486
125.74523809523811,2.1273809523809497,1737.893220238105
125.7952380952381,2.1023809523809494,1737.9983392857241
125.8452380952381,2.077380952380949,1738.1022083333432
125.8952380952381,2.0523809523809504,1738.2048273809623
125.9452380952381,2.02738095238095,1738.3061964285814
125.99523809523811,2.0023809523809497,1738.4063154762005
126.0452380952381,1.9773809523809494,1738.5051845238195
126.0952380952381,1.952380952380949,1738.6028035714385
126.1452380952381,1.9273809523809504,1738.6991726190574
126.1952380952381,1.90238095238095,1738.7942916666764
126.24523809523811,1.8773809523809497,1738.8881607142955
126.2952380952381,1.8523809523809494,1738.9807797619146
126.3452380952381,1.827380952380949,1739.0721488095337
126.3952380952381,1.8023809523809504,1739.1622678571528
126.4452380952381,1.77738095238095,1739.2511369047718
126.49523809523811,1.7523809523809497,1739.3387559523908
126.5452380952381,1.7273809523809494,1739.4251250000098
126.5952380952381,1.702380952380949,1739.5102440476287
126.6452380952381,1.6773809523809504,1739.5941130952478
126.6952380952381,1.65238095238095,1739.676732142867
126.74523809523811,1.6273809523809497,1739.758101190486
126.7952380952381,1.6023809523809494,1739.8382202381051
126.8452380952381,1.577380952380949,1739.9170892857242
126.8952380952381,1.5523809523809504,1739.9947083333432
126.9452380952381,1.52738095238095,1740.0710773809622
126.99523809523811,1.5023809523809497,1740.146196428581
127.0452380952381,1.4773809523809494,1740.2200654762003
127.0952380952381,1.452380952380949,1740.2926845238194
127.1452380952381,1.4273809523809504,1740.3640535714385
127.1952380952381,1.40238095238095,1740.4341726190576
127.24523809523811,1.3773809523809497,1740.5030416666766
127.2952380952381,1.3523809523809494,1740.5706607142956
127.3452380952381,1.327380952380949,1740.6370297619146
127.3952380952381,1.3023809523809504,1740.7021488095336
127.4452380952381,1.27738095238095,1740.7660178571525
127.49523809523811,1.2523809523809497,1740.8286369047717
127.5452380952381,1.2273809523809494,1740.8900059523908
127.5952380952381,1.202380952380949,1740.9501250000098
127.6452380952381,1.1773809523809504,1741.008994047629
127.6952380952381,1.15238095238095,1741.066613095248
127.74523809523811,1.1273809523809497,1741.122982142867
127.7952380952381,1.1023809523809494,1741.178101190486
127.8452380952381,1.077380952380949,1741.2319702381049
127.8952380952381,1.0523809523809504,1741.284589285724
127.9452380952381,1.02738095238095,1741.3359583333431
127.99523809523811,1.0023809523809497,1741.3860773809622
128.04523809523812,0.9773809523809494,1741.4349464285813
128.0952380952381,0.952380952380949,1741.4825654762003
128.1452380952381,0.9273809523809504,1741.5289345238193
128.1952380952381,0.9023809523809501,1741.5740535714383
128.2452380952381,0.8773809523809497,1741.6179226190573
128.29523809523812,0.8523809523809494,1741.6605416666764
128.3452380952381,0.827380952380949,1741.7019107142955
128.3952380952381,0.8023809523809504,1741.7420297619146
128.4452380952381,0.7773809523809501,1741.7808988095337
128.4952380952381,0.7523809523809497,1741.8185178571528
128.54523809523812,0.7273809523809494,1741.8548869047718
128.5952380952381,0.702380952380949,1741.8900059523908
128.6452380952381,0.6773809523809504,1741.9238750000097
128.6952380952381,0.6523809523809501,1741.9564940476287
128.7452380952381,0.6273809523809497,1741.9878630952478
128.79523809523812,0.6023809523809494,1742.017982142867
128.8452380952381,0.577380952380949,1742.046851190486
128.8952380952381,0.5523809523809504,1742.074470238105
128.9452380952381,0.5273809523809501,1742.100839285724
128.9952380952381,0.5023809523809497,1742.125958333343
129.04523809523812,0.47738095238094935,1742.149827380962
129.0952380952381,0.452380952380949,1742.172446428581
129.1452380952381,0.4273809523809504,1742.1938154762001
129.1952380952381,0.40238095238095006,1742.2139345238193
129.2452380952381,0.3773809523809497,1742.2328035714384
129.29523809523812,0.35238095238094935,1742.2504226190574
129.3452380952381,0.327380952380949,1742.2667916666765
129.3952380952381,0.3023809523809504,1742.2819107142955
129.4452380952381,0.27738095238095006,1742.2957797619144
129.4952380952381,0.2523809523809497,1742.3083988095334
129.54523809523812,0.22738095238094935,1742.3197678571526
129.5952380952381,0.202380952380949,1742.3298869047717
129.6452380952381,0.17738095238095042,1742.3387559523908
129.6952380952381,0.15238095238095006,1742.3463750000099
129.7452380952381,0.1273809523809497,1742.352744047629
129.79523809523812,0.10238095238094935,1742.357863095248
129.8452380952381,0.077380952380949,1742.361732142867
129.8952380952381,0.05238095238095042,1742.3643511904859
129.9452380952381,0.027380952380950063,1742.3657202381048
129.9952380952381,0.002380952380949708,1742.365839285724
